Submit_ID,Brand,Model_No,Technology,Screen_inches,Nominal_inches,Avg_on_power_W,kWh_year,Stars,Availability
140130,PHILIPS,24HFL3011T/12,LCD (LED),23.5,24,17.38,65.0,6.0,Available
140286,PHILIPS,43HFL5011T/12,LCD (LED),42.5,42,43.23,160.0,6.0,Available
140289,PHILIPS,49HFL5011T/12,LCD (LED),48.5,48,47.37,175.0,7.0,Available
140292,PHILIPS,55HFL5011T/12,LCD (LED),54.7,55,54.84,202.0,7.0,Available
140296,PHILIPS,65HFL7111T/12,LCD (LED),64.4,64,131.3,483.0,4.5,Available
140297,PHILIPS,55HFL7011T/12,LCD (LED),54.6,55,140.3,514.0,3.0,Available
141068,HISENSE,65U9G,LCD (LED),64.5,64,152.07,649.0,3.5,Available
141093,HISENSE,70A6G,LCD (LED),69.5,70,106.02,422.0,6.0,Available
141655,PHILIPS,43HFL5214U/97,LCD (LED),42.5,42,51.04,208.0,5.0,Available
141716,POLAROID,PL6521OS,LCD (LED),64.5,64,95.274,367.0,6.0,Available
141748,AKAI,AK3221S6WOS,LCD (LED),31.5,32,25.5,98.0,6.0,Available
141784,PHILIPS,50HFL5214U/97,LCD (LED),49.5,50,62.33,253.0,5.5,Available
141792,PHILIPS,65HFL5214U/97,LCD (LED),64.5,64,94.45,382.0,5.5,Available
141806,PHILIPS,55HFL5214U/97,LCD (LED),54.6,55,70.66,286.0,5.5,Available
142044,POLAROID,PL3221OS,LCD (LED),31.5,32,25.5,98.0,6.0,Available
142136,SAMSUNG ELECTRONICS,QA55Q95TDW,LCD (LED),54.6,55,140.0,514.0,3.0,Available
142137,SAMSUNG ELECTRONICS,QA65Q95TDW,LCD (LED),64.5,64,205.0,751.0,2.5,Available
142140,SAMSUNG ELECTRONICS,QA75Q95TDW,LCD (LED),74.5,74,237.0,868.0,3.0,Available
142151,PANASONIC,TH-32JS610Z,LCD (LED),31.5,32,28.33,120.0,5.0,Available
142153,PANASONIC,TH-43JS610Z,LCD (LED),42.6,43,38.85,171.0,6.0,Available
142168,SHARETV,ST1922G,LCD,21.4,21,28.1,106.0,3.0,Available
142171,KOGAN,KAQLED55XQ9610STA,LCD,54.6,55,113.0,415.0,4.0,Available
142174,PHILIPS,55OLED706/75,LCD (LED),54.6,55,148.0,596.0,2.5,Available
142181,BLAUPUNKT,BP4000F,LCD (LED),39.5,40,57.3,211.0,4.5,Available
142195,VEON,VN40WOS2021,LCD (LED),39.5,40,47.3,175.0,5.0,Available
142225,PHILIPS,75PUT7906/79,LCD (LED),74.5,74,169.26,682.0,4.5,Available
142237,EKO,K32HSW,LCD (LED),31.5,32,36.2,135.0,4.5,Available
142382,KOGAN,KALED43XT9610STA,LCD,42.5,42,65.0,240.0,4.5,Available
142395,PHILIPS,65PML9506/79,LCD (LED),64.5,64,180.0,725.0,3.0,Available
142402,SAMSUNG ELECTRONICS,HG43AJ690YK,LCD (LED),42.5,42,69.0,255.0,4.0,Available
142403,SAMSUNG ELECTRONICS,HG55AJ690YK,LCD (LED),54.6,55,91.0,335.0,5.0,Available
142408,SAMSUNG ELECTRONICS,HG50AJ690YK,LCD (LED),49.5,50,85.0,313.0,4.5,Available
142409,SAMSUNG ELECTRONICS,HG65AJ690YK,LCD (LED),64.5,64,116.0,426.0,5.0,Available
142410,SAMSUNG ELECTRONICS,HG75AJ690YK,LCD (LED),74.5,74,154.0,565.0,5.0,Available
142421,SAMSUNG ELECTRONICS,UA50AU7002S,LCD (LED),49.5,50,71.0,262.0,5.0,Available
141823,WALTON,43D210N,LCD (LED),43.0,43,36.4,140.0,7.0,Available
142458,EKO,K45FSW,LCD,46.0,46,66.49,245.0,5.0,Available
142461,BLAUPUNKT,BP400FSG9200,LCD,39.5,40,35.8,151.0,6.0,Available
142463,KOGAN,KAQLED75XQ9610STA,LCD,74.5,74,182.0,667.0,4.5,Available
142475,PHILIPS,43HFL6214U/12,LCD (LED),42.5,42,53.2,216.0,5.0,Available
142478,PHILIPS,50HFL6214U/12,LCD (LED),49.5,50,64.01,259.0,5.0,Available
142481,PHILIPS,75HFL6214U/12,LCD (LED),74.5,74,109.86,443.0,6.0,Available
142508,PHILIPS,75PML9506/79,LCD (LED),74.5,74,195.0,785.0,3.5,Available
142509,PHILIPS,58HFL6214U/12,LCD (LED),57.5,58,72.81,294.0,6.0,Available
142510,PHILIPS,65HFL6214U/12,LCD (LED),64.5,64,94.36,381.0,5.5,Available
142563,KOGAN,KALED24EH7520SVA,LCD (LED),23.6,24,18.4,84.0,5.0,Available
142575,MYVI,UR-LED2402NS,LCD (LED),23.7,24,20.12,85.0,5.0,Available
142636,SAMSUNG ELECTRONICS,UA55AU7002S,LCD (LED),54.6,55,77.0,284.0,5.5,Available
142241,CAIXUN,LE-40V1,LCD (LED),39.5,40,38.92,151.0,6.0,Available
142654,CHIQ,U75F8T,LCD (LED),74.5,74,138.0,506.0,5.5,Available
142214,STAN CASH,TV185CLEARA,LCD (LED),18.4,18,16.1569,60.0,5.0,Available
142661,LG,65QNED916QA,LCD (LED),64.5,64,120.0,440.0,5.0,Available
142663,KOGAN,KAQLED65XQ9610STA,LCD,64.5,64,156.0,572.0,4.0,Available
142691,EKO,K58USG,LCD,57.5,58,94.12,346.0,5.0,Available
142701,EKO,K75USW,LCD,74.5,74,206.62,756.0,4.0,Available
142703,EKO,K700USG,LCD,69.5,70,126.96,465.0,5.5,Available
142704,EKO,K70USW,LCD,69.5,70,167.26,612.0,4.0,Available
140784,"SHENZHEN XINCHAODA TECHNOLOGY CO., LTD",LEQ65W722,LCD (LED),64.5,64,100.64,369.0,6.0,Available
142739,"SHENZHEN XINCHAODA TECHNOLOGY CO., LTD",LEQ55A722,LCD (LED),54.6,55,103.61,381.0,4.5,Available
142745,"SHENZHEN XINCHAODA TECHNOLOGY CO., LTD",LEQ55W722,LCD (LED),54.6,55,98.45,362.0,4.5,Available
142747,"SHENZHEN XINCHAODA TECHNOLOGY CO., LTD",LEQ65A722,LCD (LED),64.5,64,109.48,402.0,5.5,Available
142796,LG,50UR767H3VC,LCD (LED),49.5,50,78.0,287.0,4.5,Available
142797,LG,55UR767H3VC,LCD (LED),54.6,55,101.0,371.0,4.5,Available
142798,LG,65UR767H3VC,LCD (LED),64.5,64,118.0,433.0,5.0,Available
142807,KOGAN,KALED40RF9220STB,LCD (LED),39.5,40,40.0,149.0,6.0,Available
142810,AKAI,AK6521S6WOS,LCD (LED),64.5,64,95.274,367.0,6.0,Available
142813,LINSAR,LS65UHDNF,LCD (LED),64.5,64,95.274,367.0,6.0,Available
142849,PHILIPS,19HFL5214W/12,LCD (LED),18.5,18,15.12,62.0,5.0,Available
142898,JVC,LT-32N3115AM,LCD,31.4,31,32.7,130.0,5.0,Available
142970,SONY,KD-43X75K,LCD (LED),42.5,42,70.0,261.0,4.0,Available
142973,SONY,KD-50X75K,LCD (LED),49.5,50,84.0,312.0,4.5,Available
142983,JVC,LT-42N5125A,LCD,41.5,42,57.6,230.0,4.5,Available
142985,JVC,LT-55NQ7105AM,LCD,54.6,55,100.2,400.0,4.0,Available
142986,JVC,LT-50NQ7115A,LCD,49.4,49,84.4,354.0,4.0,Available
143011,KOGAN,KALED43RT9220SVA,LCD (LED),42.5,42,47.23,194.0,5.5,Available
143012,KOGAN,KALED50RT9220SVA,LCD (LED),49.5,50,50.6,210.0,6.0,Available
143013,KOGAN,KAQLED55RQ9510SVA,LCD (LED),54.6,55,53.64,247.0,6.0,Available
143014,KOGAN,KALED58RT9220SVA,LCD (LED),57.5,58,65.21,271.0,6.0,Available
143083,BLAUPUNKT,BP3200HDV7100,LCD,31.5,32,34.48,128.0,5.0,Available
143106,KONIC,KKD32SG396A,LCD (LED),31.5,32,27.42,102.0,6.0,Available
143109,KONIC,KKD42SG378A,LCD (LED),41.5,42,46.99,174.0,5.5,Available
143110,KONIC,KUD50SG696AS,LCD (LED),49.5,50,46.11,172.0,7.0,Available
143111,KONIC,KUD55SG696AS,LCD (LED),54.6,55,57.97,214.0,7.0,Available
143112,KONIC,KUD65SG696AS,LCD (LED),64.5,64,100.78,370.0,6.0,Available
143114,KONIC,KUD75SG692AS,LCD (LED),74.5,74,153.24,562.0,5.0,Available
143134,KONKA,KUD75WT808AN,LCD,74.5,74,161.64,592.0,5.0,Available
143136,KOGAN,KALED40RT9220SVA,LCD (LED),39.5,40,34.52,151.0,6.0,Available
143167,LG,55UP801C0TB,LCD (LED),54.6,55,115.0,422.0,4.0,Available
143169,LG,65UP801C0TB,LCD (LED),64.5,64,144.0,528.0,4.0,Available
143170,CAIXUN,EC40V1FA,LCD (LED),39.5,40,34.52,151.0,6.0,Available
143215,BLAUPUNKT,BP2400HDV7100,LCD (LED),23.6,24,20.5,78.0,5.0,Available
143234,SAMSUNG ELECTRONICS,UA65AU7002S,LCD (LED),64.5,64,113.0,416.0,5.5,Available
143237,EKO,K430USGQ,LCD,42.5,42,51.49,191.0,5.5,Available
143238,EKO,K75QHZ,LCD,74.5,74,227.32,832.0,3.5,Available
143239,EKO,K750USG,LCD,74.5,74,174.22,638.0,4.5,Available
143240,EKO,K500USG,LCD,49.5,50,54.82,203.0,6.0,Available
143272,LG,65QNED91SQA,LCD (LED),64.5,64,120.0,440.0,5.0,Available
143273,LG,75QNED91SQA,LCD (LED),74.5,74,158.0,579.0,5.0,Available
143274,LG,75QNED916QA,LCD (LED),74.5,74,158.0,579.0,5.0,Available
143275,LG,86QNED91SQA,LCD (LED),85.6,86,184.0,674.0,5.5,Available
143276,LG,86QNED916QA,LCD (LED),85.6,86,184.0,674.0,5.5,Available
143277,LG,OLED48A2PSA,OLED,47.5,48,76.0,280.0,4.5,Available
143278,LG,OLED55A2PSA,OLED,54.6,55,86.0,316.0,5.0,Available
143279,LG,OLED55A26LA,OLED,54.6,55,86.0,316.0,5.0,Available
143280,LG,OLED55B2PSA,OLED,54.6,55,102.0,375.0,4.5,Available
143281,LG,OLED55C2PSC,OLED,54.6,55,95.0,349.0,4.5,Available
143282,LG,OLED55C24LA,OLED,54.6,55,95.0,349.0,4.5,Available
143283,LG,OLED65A2PSA,OLED,64.5,64,107.0,393.0,5.5,Available
143284,LG,OLED65A26LA,OLED,64.5,64,107.0,393.0,5.5,Available
143285,LG,OLED65B2PSA,OLED,64.5,64,126.0,462.0,5.0,Available
143286,LG,OLED65C2PSC,OLED,64.5,64,112.0,411.0,5.5,Available
143287,LG,OLED65C24LA,OLED,64.5,64,112.0,411.0,5.5,Available
143288,LG,OLED77C2PSC,OLED,76.7,77,140.0,513.0,6.0,Available
143289,LG,OLED77C24LA,OLED,76.7,77,140.0,513.0,6.0,Available
143290,LG,OLED83C2PSA,OLED,82.5,82,179.0,656.0,5.5,Available
143291,LG,OLED83C24LA,OLED,82.5,82,179.0,656.0,5.5,Available
143338,BAUHN,ATV42FHDW-1221,LCD,41.5,42,42.3,157.0,6.0,Available
143415,JVC,JV65ID7A2021QN,LCD (LED),64.5,64,160.0,630.0,3.5,Available
143446,LG,OLED42C2PSA,OLED,41.5,42,63.0,232.0,4.5,Available
143447,LG,OLED42C24LA,OLED,41.5,42,63.0,232.0,4.5,Available
143448,LG,OLED48C2PSA,OLED,47.5,48,77.0,284.0,4.5,Available
143449,LG,OLED48C24LA,OLED,47.5,48,77.0,284.0,4.5,Available
143450,LG,43NANO75SQA,LCD (LED),42.5,42,75.0,276.0,3.5,Available
143451,LG,43NANO756QA,LCD (LED),42.5,42,75.0,276.0,3.5,Available
143454,LG,43UQ75006LF,LCD (LED),42.5,42,77.0,284.0,3.5,Available
143455,LG,50NANO75SQA,LCD (LED),49.5,50,90.0,331.0,4.0,Available
143457,LG,50NANO756QA,LCD (LED),49.5,50,90.0,331.0,4.0,Available
143458,LG,50QNED80SQA,LCD (LED),49.5,50,80.0,295.0,4.5,Available
143459,LG,50QNED806QA,LCD (LED),49.5,50,80.0,295.0,4.5,Available
143460,LG,50UQ80006LB,LCD (LED),49.5,50,78.0,287.0,4.5,Available
143462,LG,55NANO75SQA,LCD (LED),54.6,55,114.0,419.0,4.0,Available
143463,LG,55NANO756QA,LCD (LED),54.6,55,114.0,419.0,4.0,Available
143464,LG,55QNED80SQA,LCD (LED),54.6,55,94.0,346.0,4.5,Available
143465,LG,55QNED806QA,LCD (LED),54.6,55,94.0,346.0,4.5,Available
143466,LG,55UQ80006LB,LCD (LED),54.6,55,98.0,360.0,4.5,Available
143467,LG,65NANO75SQA,LCD (LED),64.5,64,144.0,528.0,4.0,Available
143469,LG,65NANO756QA,LCD (LED),64.5,64,144.0,528.0,4.0,Available
143470,LG,65QNED80SQA,LCD (LED),64.5,64,118.0,433.0,5.0,Available
143471,LG,65QNED806QA,LCD (LED),64.5,64,118.0,433.0,5.0,Available
143472,LG,65UQ91006LA,LCD (LED),64.5,64,148.0,543.0,4.0,Available
143473,LG,75NANO75SQA,LCD (LED),74.5,74,181.0,663.0,4.5,Available
143474,LG,75NANO756QA,LCD (LED),74.5,74,181.0,663.0,4.5,Available
143475,LG,75QNED80SQA,LCD (LED),74.5,74,134.0,492.0,5.5,Available
143476,LG,75QNED806QA,LCD (LED),74.5,74,134.0,492.0,5.5,Available
143477,LG,75QNED96SQA,LCD (LED),74.5,74,172.0,630.0,4.5,Available
143479,LG,86NANO75SQA,LCD (LED),85.6,86,250.0,915.0,4.0,Available
143480,LG,86NANO756QA,LCD (LED),85.6,86,250.0,915.0,4.0,Available
143481,LG,86UQ9000PSD,LCD (LED),85.6,86,250.0,915.0,4.0,Available
143486,METZ,86MUC8500A,LCD (LED),85.6,86,214.72,893.0,4.5,Available
143524,SAMSUNG ELECTRONICS,QA55Q70BAW,LCD (LED),54.6,55,114.0,419.0,4.0,Available
143525,SAMSUNG ELECTRONICS,UA75BU8000W,LCD (LED),74.5,74,157.0,576.0,5.0,Available
143529,SAMSUNG ELECTRONICS,UA85BU8000W,LCD (LED),84.6,85,202.0,740.0,5.0,Available
143527,SAMSUNG ELECTRONICS,UA60BU8000S,LCD (LED),60.1,60,104.0,383.0,5.0,Available
143530,SAMSUNG ELECTRONICS,UA65BU8000W,LCD (LED),64.5,64,119.0,437.0,5.0,Available
143532,SAMSUNG ELECTRONICS,UA65BU8500S,LCD (LED),64.5,64,119.0,437.0,5.0,Available
143534,SAMSUNG ELECTRONICS,QA75QN85BAW,LCD (LED),74.5,74,167.0,613.0,4.5,Available
143535,SAMSUNG ELECTRONICS,QA75QN90BAW,LCD (LED),74.5,74,212.0,777.0,3.5,Available
143545,LG,43UQ9000PSD,LCD (LED),42.5,42,75.0,276.0,3.5,Available
143546,LG,43UQ91006LA,LCD (LED),42.5,42,75.0,276.0,3.5,Available
143547,LG,50UQ9000PSD,LCD (LED),49.5,50,90.0,331.0,4.0,Available
143548,LG,50UQ91006LA,LCD (LED),49.5,50,90.0,331.0,4.0,Available
143549,LG,55NANO806QA,LCD (LED),54.6,55,97.0,357.0,4.5,Available
143550,LG,55UQ9000PSD,LCD (LED),54.6,55,114.0,419.0,4.0,Available
143551,LG,55UQ91006LA,LCD (LED),54.6,55,114.0,419.0,4.0,Available
143552,LG,65UQ9000PSD,LCD (LED),64.5,64,148.0,543.0,4.0,Available
143553,LG,75UQ9000PSD,LCD (LED),74.5,74,165.0,605.0,5.0,Available
143554,LG,75UQ91006LA,LCD (LED),74.5,74,165.0,605.0,5.0,Available
143555,LG,86QNED80SQA,LCD (LED),85.6,86,198.0,725.0,5.0,Available
143556,LG,86QNED806QA,LCD (LED),85.6,86,198.0,725.0,5.0,Available
143631,METZ,32MTD6500A,LCD (LED),31.5,32,27.2,115.0,5.5,Available
143636,SAMSUNG ELECTRONICS,QA85Q60BAW,LCD (LED),84.6,85,178.0,653.0,5.5,Available
143639,SAMSUNG ELECTRONICS,UA43BU8000S,LCD (LED),42.5,42,73.0,270.0,4.0,Available
143647,KOGAN,KALED65RT9220SVA,LCD (LED),64.5,64,99.95,386.0,5.5,Available
143649,TEAC,LE65GA522,LCD (LED),64.5,64,99.95,386.0,5.5,Available
143650,POLAROID,PL6521UHDG,LCD,64.4,64,93.0,370.0,6.0,Available
143652,SAMSUNG ELECTRONICS,UA50BU8000W,LCD (LED),49.5,50,94.0,346.0,4.0,Available
143656,SAMSUNG ELECTRONICS,UA55BU8000W,LCD (LED),54.6,55,113.0,416.0,4.0,Available
143669,SAMSUNG ELECTRONICS,QA65Q70BAW,LCD (LED),64.5,64,150.0,551.0,4.0,Available
143670,SAMSUNG ELECTRONICS,QA75Q70BAW,LCD (LED),74.5,74,173.0,635.0,4.5,Available
143671,SAMSUNG ELECTRONICS,QA85Q70BAW,LCD (LED),84.6,85,223.0,817.0,4.5,Available
143673,SAMSUNG ELECTRONICS,QA65QN800BW,LCD (LED),64.5,64,306.0,1120.0,1.0,Available
143688,MYVI,UR-LED2403DVDNS,LCD (LED),23.7,24,24.2,95.0,4.5,Available
143736,SAMSUNG ELECTRONICS,QA50QN90BAW,LCD (LED),49.5,50,112.0,412.0,3.0,Available
143738,SAMSUNG ELECTRONICS,QA75QN95BAW,LCD (LED),74.5,74,245.0,897.0,3.0,Available
143744,EKO,K550USG,LCD,54.6,55,115.1,422.0,4.0,Available
143745,BLAUPUNKT,BP550USG9500,LCD,54.6,55,115.1,422.0,4.0,Available
143752,LG,65UQ75006LF,LCD (LED),64.5,64,145.0,532.0,4.0,Available
143753,LG,OLED55G2PSA,OLED,54.6,55,95.0,349.0,4.5,Available
143754,LG,OLED55G26LA,OLED,54.6,55,95.0,349.0,4.5,Available
143755,LG,OLED77G2PSA,OLED,76.7,77,152.0,557.0,5.5,Available
143756,LG,OLED77G26LA,OLED,76.7,77,152.0,557.0,5.5,Available
143757,LG,OLED65G2PSA,OLED,64.5,64,109.0,400.0,5.5,Available
143758,LG,OLED65G26LA,OLED,64.5,64,109.0,400.0,5.5,Available
143759,LG,OLED77A2PSA,OLED,76.7,77,126.0,462.0,6.0,Available
143826,SAMSUNG ELECTRONICS,QA75QN800BW,LCD (LED),74.5,74,339.0,1240.0,1.5,Available
143827,SAMSUNG ELECTRONICS,QA85QN800BW,LCD (LED),84.6,85,389.0,1423.0,2.0,Available
143828,SAMSUNG ELECTRONICS,QA55QN90BAW,LCD (LED),54.6,55,162.0,594.0,2.5,Available
143830,SAMSUNG ELECTRONICS,QA85QN90BAW,LCD (LED),84.6,85,304.0,1113.0,3.0,Available
143833,AKAI,AK5021S6WOS,LCD (LED),49.5,50,54.8,202.0,6.0,Available
143840,SAMSUNG ELECTRONICS,QA43QN90BAW,LCD (LED),42.5,42,99.0,364.0,2.5,Available
143841,SAMSUNG ELECTRONICS,QA50LS03BAW,LCD (LED),49.5,50,96.0,353.0,4.0,Available
143842,SAMSUNG ELECTRONICS,QA55LS03BAW,LCD (LED),54.6,55,140.0,514.0,3.0,Available
143843,SAMSUNG ELECTRONICS,QA55QN85BAW,LCD (LED),54.6,55,136.0,499.0,3.0,Available
143844,SAMSUNG ELECTRONICS,QA65LS03BAW,LCD (LED),64.5,64,158.0,580.0,4.0,Available
143845,SAMSUNG ELECTRONICS,QA65QN85BAW,LCD (LED),64.5,64,158.0,580.0,4.0,Available
143846,SAMSUNG ELECTRONICS,QA75LS03BAW,LCD (LED),74.5,74,195.0,715.0,4.0,Available
143847,SAMSUNG ELECTRONICS,QA85LS03BAW,LCD (LED),84.6,85,250.0,916.0,4.0,Available
143886,LG,43UP801C0TB,LCD (LED),42.5,42,78.0,287.0,3.5,Available
143887,LG,50UP801C0TB,LCD (LED),49.5,50,93.0,342.0,4.0,Available
143888,LG,75UP801C0TB,LCD (LED),74.5,74,169.0,619.0,4.5,Available
143889,LG,86UP801C0TB,LCD (LED),85.6,86,250.0,915.0,4.0,Available
143898,METZ,40MTD6500A,LCD (LED),39.6,40,28.2,122.0,7.0,Available
143946,EKO,K500USG,LCD,49.5,50,59.9,226.0,6.0,Available
143947,EKO,K550USG,LCD,54.6,55,87.2,321.0,5.0,Available
143949,EKO,K550USG,LCD,54.6,55,115.1,455.0,3.5,Available
143950,BLAUPUNKT,BP550USG9500,LCD,54.6,55,115.1,455.0,3.5,Available
143954,BLAUPUNKT,BP2400HDV7100,LCD,23.8,24,23.28,87.0,4.5,Available
144002,SONY,KD-65X75K,LCD (LED),64.5,64,129.6,478.0,4.5,Available
144004,SONY,KD-55X75K,LCD (LED),54.6,55,101.4,376.0,4.5,Available
144009,SONY,XR-85X90K,LCD (LED),84.6,85,235.8,869.0,4.5,Available
144021,SONY,KD-55X80K,LCD (LED),54.6,55,126.2,467.0,3.5,Available
144023,SONY,KD-75X80K,LCD (LED),74.5,74,191.3,704.0,4.0,Available
144031,KOGAN,KAQLED85XQ9610STA,LCD (LED),84.6,85,260.1,970.0,4.0,Available
144046,SAMSUNG ELECTRONICS,QA65QN900BW,LCD (LED),64.5,64,310.0,1135.0,1.0,Available
144049,SAMSUNG ELECTRONICS,QA85QN900BW,LCD (LED),84.6,85,439.0,1605.0,1.5,Available
144057,SONY,KD-65X80K,LCD (LED),64.5,64,147.6,544.0,4.0,Available
144065,SAMSUNG ELECTRONICS,QA75QN900BW,LCD (LED),74.5,74,395.0,1445.0,1.0,Available
144102,SAMSUNG ELECTRONICS,QA43LS03BAW,LCD (LED),42.5,42,92.0,339.0,3.0,Available
144104,SAMSUNG ELECTRONICS,QA65QN90BAW,LCD (LED),64.5,64,203.0,744.0,2.5,Available
144105,SAMSUNG ELECTRONICS,QA65QN95BAW,LCD (LED),64.5,64,213.0,781.0,2.5,Available
144106,SAMSUNG ELECTRONICS,QA85QN85BAW,LCD (LED),84.6,85,195.0,715.0,5.0,Available
144119,SAMSUNG ELECTRONICS,QA65Q80BAW,LCD (LED),64.5,64,206.0,755.0,2.5,Available
144120,SAMSUNG ELECTRONICS,QA55QN95BAW,LCD (LED),54.6,55,173.0,635.0,2.0,Available
144123,SAMSUNG ELECTRONICS,QA55QN700BS,LCD (LED),54.6,55,223.0,817.0,1.0,Available
144138,SAMSUNG ELECTRONICS,QA75Q80BAW,LCD (LED),74.5,74,267.0,978.0,2.5,Available
144139,SAMSUNG ELECTRONICS,QA85Q80BAW,LCD (LED),84.6,85,337.0,1233.0,2.5,Available
144140,SAMSUNG ELECTRONICS,QA65QN700BW,LCD (LED),64.5,64,245.0,897.0,2.0,Available
144141,SAMSUNG ELECTRONICS,QA65LS01BAW,LCD (LED),64.5,64,134.0,492.0,4.5,Available
144142,SAMSUNG ELECTRONICS,QA55LS01BAW,LCD (LED),54.6,55,116.0,426.0,4.0,Available
144145,FURRION,FDFD24D3D,LCD (LED),23.8,24,28.58,107.0,4.0,Available
144165,SONY,XR-55A80K,OLED,54.6,55,103.7,387.0,4.0,Available
144166,KOGAN,KALED32EH7520SVA,LCD (LED),31.5,32,24.61,110.0,5.5,Available
144167,SONY,XR-65A80K,OLED,64.5,64,121.1,451.0,5.0,Available
144168,SONY,XR-77A80K,OLED,76.7,77,169.7,629.0,5.0,Available
144170,SONY,XR-75X90K,LCD (LED),74.5,74,198.1,732.0,4.0,Available
144171,SONY,XR-65X90K,LCD (LED),64.5,64,149.8,555.0,4.0,Available
144176,LG,43UQ80006LB,LCD (LED),42.5,42,73.0,269.0,4.0,Available
144177,LG,50NANO806QA,LCD (LED),49.5,50,75.0,276.0,5.0,Available
144178,LG,50UQ75006LF,LCD (LED),49.5,50,93.0,342.0,4.0,Available
144179,LG,55UQ75006LF,LCD (LED),54.6,55,114.0,419.0,4.0,Available
144180,LG,65NANO806QA,LCD (LED),64.5,64,114.0,419.0,5.0,Available
144181,LG,65QNED96SQA,LCD (LED),64.5,64,152.0,557.0,4.0,Available
144182,LG,65QNED99SQB,LCD (LED),64.5,64,212.0,776.0,2.5,Available
144183,LG,65QNED996QB,LCD (LED),64.5,64,212.0,776.0,2.5,Available
144184,LG,65UQ80006LB,LCD (LED),64.5,64,127.0,466.0,4.5,Available
144185,LG,75NANO816QA,LCD (LED),74.5,74,126.0,462.0,6.0,Available
144186,LG,75QNED99SQB,LCD (LED),74.5,74,232.0,849.0,3.5,Available
144187,LG,75QNED996QB,LCD (LED),74.5,74,232.0,849.0,3.5,Available
144188,LG,75UQ80006LB,LCD (LED),74.5,74,165.0,605.0,5.0,Available
144189,LG,86QNED99SQB,LCD (LED),85.6,86,328.0,1200.0,3.0,Available
144190,LG,86QNED996QB,LCD (LED),85.6,86,328.0,1200.0,3.0,Available
144191,LG,OLED77Z2PSA,OLED,76.7,77,262.0,959.0,3.0,Available
144192,LG,OLED88Z2PSA,OLED,87.6,88,320.0,1171.0,3.0,Available
144193,LG,OLED88Z26LA,OLED,87.6,88,320.0,1171.0,3.0,Available
144195,EKO,K500USG,LCD (LED),49.5,50,50.6,210.0,6.0,Available
144196,BLAUPUNKT,BP500USG9500,LCD (LED),49.5,50,50.6,210.0,6.0,Available
144197,EKO,K65USW,LCD,64.5,64,108.2,396.0,5.5,Available
144201,SAMSUNG ELECTRONICS,QA50Q80BAS,LCD (LED),49.5,50,138.0,507.0,2.0,Available
144204,SAMSUNG ELECTRONICS,QA75QN700BW,LCD (LED),74.5,74,273.0,1000.0,2.5,Available
144209,LINSAR,LS32C12V,LCD,31.5,32,26.7,99.0,6.0,Available
144211,SAMSUNG ELECTRONICS,QA43LS01BAW,LCD (LED),42.5,42,82.0,302.0,3.5,Available
144212,SAMSUNG ELECTRONICS,QA50LS01BAS,LCD (LED),49.5,50,96.0,353.0,4.0,Available
144231,SAMSUNG ELECTRONICS,HG43AU800AW,LCD (LED),42.5,42,68.0,251.0,4.0,Available
144232,SAMSUNG ELECTRONICS,HG50AU800AW,LCD (LED),49.5,50,79.0,291.0,4.5,Available
144236,SAMSUNG ELECTRONICS,QA55Q80BAW,LCD (LED),54.6,55,158.0,580.0,2.5,Available
144269,SAMSUNG ELECTRONICS,HG55AU800AW,LCD (LED),54.6,55,86.0,317.0,5.0,Available
144270,SAMSUNG ELECTRONICS,HG65AU800AW,LCD (LED),64.5,64,114.0,419.0,5.0,Available
144271,SAMSUNG ELECTRONICS,HG75AU800AW,LCD (LED),74.5,74,157.0,576.0,5.0,Available
144272,SONY,XR-55X90K,LCD (LED),54.6,55,126.7,471.0,3.5,Available
143613,SAMSUNG ELECTRONICS,QA55Q6*BA*,LCD (LED),54.6,55,87.0,321.0,5.0,Available
143637,SAMSUNG ELECTRONICS,QA43Q6*BAS,LCD (LED),42.5,42,70.0,259.0,4.0,Available
143638,SAMSUNG ELECTRONICS,QA50Q6*BAS,LCD (LED),49.5,50,80.0,295.0,4.5,Available
143622,SAMSUNG ELECTRONICS,QA75Q63BAS,LCD (LED),74.5,74,183.0,671.0,4.5,Available
143616,SAMSUNG ELECTRONICS,QA65Q63BAS,LCD (LED),64.5,64,117.0,430.0,5.0,Available
144325,LG,65QNED966QA,LCD (LED),64.5,64,152.0,557.0,4.0,Available
144327,LG,75QNED966QA,LCD (LED),74.5,74,172.0,630.0,4.5,Available
144328,LG,86UQ91006LA,LCD (LED),85.6,86,250.0,915.0,4.0,Available
144343,POLAROID,PL5021WOS,LCD (LED),49.5,50,54.8,202.0,6.0,Available
144350,EKO,K650USG,LCD (LED),64.5,64,137.7,520.0,4.5,Available
144351,EKO,K240HSG,LCD,23.5,24,22.0,84.0,5.0,Available
144352,BLAUPUNKT,BP240HSG9200,LCD,23.5,24,22.0,84.0,5.0,Available
144353,EKO,K58USG,LCD,57.4,57,105.8,468.0,4.0,Available
144361,EKO,K40FSW,LCD (LED),39.5,40,36.32,151.0,6.0,Available
144362,BLAUPUNKT,BP4000F,LCD (LED),39.5,40,25.92,151.0,6.0,Available
144365,EKO,K400FSG,LCD,39.5,40,35.8,151.0,6.0,Available
144366,SONY,XR-65X95K,LCD (LED),64.5,64,226.0,835.0,2.0,Available
144368,SONY,XR-75X95K,LCD (LED),74.5,74,242.0,894.0,3.0,Available
144369,SONY,XR-85X95K,LCD (LED),84.6,85,292.0,1076.0,3.5,Available
144389,EKO,K700USG,LCD (LED),69.9,70,160.0,590.0,4.5,Available
144396,LG,OLED83G2PSA,OLED,82.5,82,181.0,663.0,5.5,Available
144397,LG,OLED83G26LA,OLED,82.5,82,181.0,663.0,5.5,Available
144403,SONY,XR-65A95K,OLED,64.5,64,136.0,507.0,4.5,Available
144425,SAMSUNG ELECTRONICS,QA43LS05BAW,LCD (LED),42.5,42,83.0,306.0,3.0,Available
144436,KOGAN,KAQLED50XQ9610STA,LCD (LED),49.5,50,90.0,331.0,4.0,Available
144480,PANASONIC,TH-49LX900Z,LCD (LED),48.5,48,75.0,278.0,4.5,Available
144488,PANASONIC,TH-55LX900Z,LCD (LED),54.7,55,77.0,285.0,5.5,Available
144494,PANASONIC,TH-65LX900Z,LCD (LED),64.5,64,87.0,321.0,6.0,Available
144495,PANASONIC,TH-75LX900Z,LCD (LED),74.5,74,140.0,515.0,5.5,Available
144497,PANASONIC,TH-55LX950Z,LCD (LED),54.7,55,81.0,299.0,5.5,Available
144499,PANASONIC,TH-65LX950Z,LCD (LED),64.5,64,87.0,321.0,6.0,Available
144561,DGTEC,DG5521WOS,LCD,54.6,55,69.6,256.0,6.0,Available
144564,AKAI,AK4021S6WOS,LCD,39.5,40,35.3,131.0,6.0,Available
144599,JVC,LT-40N5115AM,LCD (LED),39.5,40,35.0,151.0,6.0,Available
144600,JVC,LT-55N7115AM,LCD (LED),54.7,55,87.3,360.0,4.5,Available
144611,LG,55UP751C0VG,LCD (LED),54.6,55,115.0,422.0,4.0,Available
144612,LG,65UP751C0VG,LCD (LED),64.5,64,145.0,532.0,4.0,Available
144613,LG,75UP751C0VC,LCD (LED),74.5,74,171.0,627.0,4.5,Available
144615,CHIQ,L24D6C,LCD,23.5,24,20.2,82.0,5.0,Available
144674,POLAROID,PL3221HDC,LCD,31.5,32,26.7,99.0,6.0,Available
144679,EKO,K55USW,LCD,54.6,55,100.9,385.0,4.0,Available
144694,SONY,XR-48A90K,OLED,47.5,48,84.0,315.0,4.0,Available
144696,SONY,KD-50X85K,LCD (LED),49.5,50,93.6,347.0,4.0,Available
144699,SONY,KD-55X85K,LCD (LED),54.6,55,136.6,504.0,3.0,Available
144702,SONY,KD-65X85K,LCD (LED),64.5,64,179.5,661.0,3.0,Available
144703,SONY,KD-75X85K,LCD (LED),74.5,74,224.4,826.0,3.5,Available
144704,SONY,KD-85X85K,LCD (LED),84.6,85,237.7,875.0,4.0,Available
144727,JVC,LT-75N7125A,LCD (LED),74.4,74,189.3,758.0,4.0,Available
144733,JVC,LT-65N7115AM,LCD (LED),64.4,64,93.0,370.0,6.0,Available
144741,AKAI,AK8521S6WOS,LCD,84.6,85,159.1,600.0,6.0,Available
144723,JVC,LT-55NQ7105AT2,LCD (LED),54.6,55,63.94,320.0,5.0,Available
144762,LINSAR,LS85UHDNF,LCD,84.6,85,159.1,600.0,6.0,Available
144837,KOGAN,KALED50XU9220STD,LCD (LED),49.5,50,77.0,284.0,5.0,Available
144838,KOGAN,KALED75XU9220STA,LCD (LED),74.5,74,146.0,536.0,5.5,Available
144851,KOGAN,KAQLED65XQ9610STB,LCD (LED),64.5,64,156.0,572.0,4.0,Available
144853,KOGAN,KALED32RH9310STA,LCD (LED),31.5,32,28.0,104.0,6.0,Available
144421,SAMSUNG ELECTRONICS,QA32LS03BBK,LCD (LED),31.5,32,39.0,145.0,4.5,Available
144891,SONY,KD-43X85K,LCD (LED),42.5,42,76.9,286.0,3.5,Available
144907,AVEL INNOVATIONS,AVS240WS,LCD (LED),23.7,24,24.01,90.0,4.5,Available
144912,LG,55QNED85SQA,LCD (LED),54.6,55,102.0,375.0,4.5,Available
144913,LG,55QNED866QA,LCD (LED),54.6,55,102.0,375.0,4.5,Available
144914,LG,65QNED85SQA,LCD (LED),64.5,64,132.0,484.0,4.5,Available
144915,LG,65QNED866QA,LCD (LED),64.5,64,132.0,484.0,4.5,Available
144916,LG,75QNED85SQA,LCD (LED),74.5,74,160.0,587.0,5.0,Available
144917,LG,75QNED866QA,LCD (LED),74.5,74,160.0,587.0,5.0,Available
144918,LG,86QNED85SQA,LCD (LED),85.6,86,206.0,754.0,5.0,Available
144919,LG,86QNED866QA,LCD (LED),85.6,86,206.0,754.0,5.0,Available
145052,SONY,XR-42A90K,OLED,41.5,42,68.0,256.0,4.0,Available
145125,AVEL INNOVATIONS,AVS240KS,LCD (LED),23.7,24,24.37,91.0,4.5,Available
145126,AVEL INNOVATIONS,AVS325KS,LCD (LED),31.5,32,39.33,145.0,4.5,Available
145221,EKO,K40FSW,LCD,39.5,40,68.2,252.0,3.5,Available
145222,EKO,K650USG,LCD,64.5,64,137.3,505.0,4.5,Available
145328,KOGAN,KALED58XU9230STA,LCD (LED),57.5,58,122.0,448.0,4.0,Available
145329,KOGAN,KALED24RH9310STA,LCD (LED),23.5,24,18.0,68.0,6.0,Available
145334,POLAROID,PL2421FHDC,LCD (LED),23.5,24,18.0,68.0,6.0,Available
145374,TEAC,LE50GA522,LCD (LED),49.5,50,50.6,210.0,6.0,Available
145383,TEAC,LE55GA522,LCD (LED),54.6,55,53.64,247.0,6.0,Available
145384,CHIQ,L24G5W,LCD (LED),23.5,24,22.0,82.0,5.0,Available
145385,CHIQ,L32G5W,LCD (LED),31.5,32,35.0,131.0,5.0,Available
145386,CHIQ,L40G5W,LCD (LED),39.5,40,50.0,185.0,5.0,Available
145414,EKO,K400DVD,LCD,39.5,40,41.95,155.0,5.5,Available
145463,KONKA,KUD65WT806AN,LCD,64.5,64,137.7,505.0,4.5,Available
145467,JVC,LT-43N7125A,LCD,42.4,42,49.98,235.0,4.5,Available
145568,VEON,VN32HD2021,LCD (LED),31.5,32,28.0,116.0,5.5,Available
145635,JVC,LT-50NQ7115A,LCD,49.4,49,86.3,354.0,4.0,Available
145730,LG,65ART90ESQA,OLED,64.5,64,126.0,462.0,5.0,Available
145723,KOGAN,KALED70UN8920SNA,LCD (LED),69.5,70,182.3,667.0,4.0,Available
145780,KOGAN,KALED19PRIZC,LCD (LED),18.5,18,15.8694,62.0,5.0,Available
145811,KOGAN,KALED24EH6300NA,LCD (LED),23.6,24,22.3,83.0,5.0,Available
145854,BAUHN,ATV50UHDW-0422,LCD,49.5,50,59.7,220.0,6.0,Available
145910,EKO,K70USW,LCD,69.5,70,104.9,405.0,6.0,Available
146006,LINSAR,LS50UHDNF,LCD,49.5,50,59.7,220.0,6.0,Available
145876,SAMSUNG ELECTRONICS,QA65S95BAW,LCD (LED),64.5,64,155.0,569.0,4.0,Available
146100,EKO,K43FSG11,LCD (LED),42.5,42,51.8,216.0,5.0,Available
146151,BLAUPUNKT,BP320HSG9700,LCD (LED),31.5,32,34.4,151.0,4.0,Available
146152,EKO,K400FSG,LCD (LED),39.5,40,32.8,141.0,6.0,Available
146153,BLAUPUNKT,BP400FSG9700,LCD (LED),39.5,40,32.8,141.0,6.0,Available
146314,SAMSUNG ELECTRONICS,QA55S95BA*,LCD (LED),54.6,55,142.0,521.0,3.0,Available
146505,LINSAR,LS24C12V,LCD,24.5,24,15.85,67.0,6.0,Available
146510,PANASONIC,TH-48LZ980Z,OLED,47.5,48,77.0,285.0,4.5,Available
146531,LSP TV,Prison TV,LCD (LED),19.0,19,16.1569,60.0,5.0,Available
146532,PANASONIC,TH-55LZ980Z,OLED,54.7,55,96.0,354.0,4.5,Available
146533,PANASONIC,TH-65LZ980Z,OLED,64.5,64,125.0,460.0,5.0,Available
146534,PANASONIC,TH-55LZ1500Z,OLED,54.7,55,95.0,351.0,4.5,Available
146535,PANASONIC,TH-65LZ1500Z,OLED,64.5,64,121.0,446.0,5.0,Available
146538,PANASONIC,TH-55LZ2000Z,OLED,54.7,55,107.0,395.0,4.0,Available
146539,PANASONIC,TH-65LZ2000Z,OLED,64.5,64,133.0,490.0,4.5,Available
146540,PANASONIC,TH-77LZ2000Z,OLED,76.7,77,187.0,687.0,4.5,Available
146556,CHIQ,L40G7P,LCD (LED),39.5,40,51.0,189.0,5.0,Available
146557,CHIQ,U43G7P,LCD (LED),42.5,42,65.0,240.0,4.5,Available
146559,CHIQ,U65G7P,LCD (LED),64.5,64,138.0,506.0,4.5,Available
146462,PRISM+,Q55 PRO QE,LCD (LED),54.6,55,102.1,424.0,4.0,Available
146714,PHILIPS,65PUT8507/79,LCD (LED),64.5,64,116.25,469.0,4.5,Available
146715,PHILIPS,50PUT8507/79,LCD (LED),49.5,50,81.32,329.0,4.0,Available
146746,TOSHIBA,75C350LP,LCD (LED),74.5,74,114.36,489.0,6.0,Available
146754,WALTON,W32D120GE,LCD (LED),31.5,32,29.57,115.0,5.5,Available
146760,WALTON,WD40RGE,LCD (LED),39.5,40,35.18,135.0,6.0,Available
146761,WALTON,W43D210GE,LCD (LED),42.5,42,35.97,138.0,7.0,Available
146768,BLAUPUNKT,BP750USG9300,LCD,74.5,74,188.97,692.0,4.0,Available
146844,EKO,K55DVAQ,LCD,54.6,55,76.044,380.0,4.5,Available
146846,EKO,K32FSG11,LCD,31.4,31,31.814,130.0,5.0,Available
146853,BLAUPUNKT,BP550USG9800,LCD,54.6,55,93.324,380.0,4.5,Available
146866,EKO,K58USG,LCD (LED),57.5,58,126.0,465.0,4.0,Available
146894,HISENSE,50A6HAU,LCD (LED),49.5,50,59.47,254.0,5.5,Available
146934,BLAUPUNKT,BP3200HDV7100,LCD (LED),31.5,32,35.4,131.0,5.0,Available
146941,EKO,K65DVAQ,LCD,64.4,64,198.0,725.0,3.0,Available
147005,SAMSUNG ELECTRONICS,HG50BU800AW,LCD (LED),49.5,50,94.0,346.0,4.0,Available
147006,SAMSUNG ELECTRONICS,HG55BU800AW,LCD (LED),54.6,55,113.0,416.0,4.0,Available
147015,PHILIPS,55PUT8507/79,LCD (LED),54.6,55,94.43,381.0,4.5,Available
147021,SAMSUNG ELECTRONICS,HG43BU800AW,LCD (LED),42.5,42,73.0,270.0,4.0,Available
147023,SAMSUNG ELECTRONICS,HG65BU800AW,LCD (LED),64.5,64,119.0,437.0,5.0,Available
147053,SAMSUNG ELECTRONICS,HG75BU800AW,LCD (LED),74.5,74,157.0,576.0,5.0,Available
147071,HISENSE,58A6HAU,LCD (LED),57.5,58,79.33,335.0,5.5,Available
147072,TOSHIBA,43C350LP,LCD (LED),42.5,42,51.12,214.0,5.0,Available
147080,TOSHIBA,50C350LP,LCD (LED),49.5,50,67.75,269.0,5.0,Available
147081,TOSHIBA,55C350LP,LCD (LED),54.6,55,63.89,269.0,6.0,Available
147084,TOSHIBA,65C350LP,LCD (LED),64.5,64,82.49,333.0,6.0,Available
147089,PHILIPS,50PUT8217/79,LCD (LED),49.5,50,61.3,248.0,5.5,Available
147091,PHILIPS,75PUT8507/79,LCD (LED),74.5,74,127.69,537.0,5.5,Available
147139,PHILIPS,55PUT8217/79,LCD (LED),54.6,55,72.57,293.0,5.5,Available
147180,LG,43UQ751C0LF,LCD (LED),42.5,42,77.0,284.0,3.5,Available
147181,LG,50UQ751C0LF,LCD (LED),49.5,50,93.0,342.0,4.0,Available
147182,LG,55UQ751C0LF,LCD (LED),54.6,55,114.0,419.0,4.0,Available
147183,LG,65UQ751C0LF,LCD (LED),64.5,64,145.0,532.0,4.0,Available
147184,LG,75UQ801C0LB,LCD (LED),74.5,74,165.0,605.0,5.0,Available
147185,LG,42LX1Q6LA,OLED,41.5,42,63.0,232.0,4.5,Available
147186,LG,42LX1QPSA,OLED,41.5,42,63.0,232.0,4.5,Available
147187,LG,48LX1Q6LA,OLED,47.5,48,77.0,284.0,4.5,Available
147188,LG,48LX1QPSA,OLED,47.5,48,77.0,284.0,4.5,Available
147189,LG,55LX1Q6LA,OLED,54.6,55,95.0,349.0,4.5,Available
147190,LG,55LX1QPSA,OLED,54.6,55,95.0,349.0,4.5,Available
147239,CAIXUN,LE-24T1,LCD (LED),23.5,24,16.3,70.0,5.5,Available
147329,PRISM+,Q65 PRO QE,LCD (LED),64.5,64,93.43,400.0,5.5,Available
147395,PANASONIC,TH-43LX650Z,LCD (LED),42.6,43,56.0,215.0,5.0,Available
147396,PANASONIC,TH-50LX650Z,LCD (LED),49.5,50,64.17,270.0,5.0,Available
147398,PANASONIC,TH-65LX650Z,LCD (LED),64.5,64,93.65,365.0,6.0,Available
147399,PANASONIC,TH-55LX650Z,LCD (LED),54.6,55,77.67,330.0,5.0,Available
147400,PANASONIC,TH-75LX650Z,LCD (LED),74.5,74,118.27,435.0,6.0,Available
147401,PANASONIC,TH-43LX800Z,LCD (LED),42.6,43,56.0,215.0,5.0,Available
147402,PANASONIC,TH-50LX800Z,LCD (LED),49.5,50,80.28,310.0,4.5,Available
147403,PANASONIC,TH-55LX800Z,LCD (LED),54.6,55,159.72,590.0,2.5,Available
147404,PANASONIC,TH-65LX800Z,LCD (LED),64.5,64,120.81,450.0,5.0,Available
147405,PANASONIC,TH-75LX800Z,LCD (LED),74.5,74,160.49,610.0,5.0,Available
147512,KOGAN,KALED50XU9220STE,LCD (LED),49.5,50,77.0,284.0,5.0,Available
147551,KONIC,KUD85SG692AS,LCD (LED),84.6,85,200.76,766.0,5.0,Available
147582,POLAROID,PL3222HDG,LCD,31.9,32,23.798,103.0,6.0,Available
147703,TEAC,LE32GA322,LCD (LED),31.5,32,25.8,110.0,5.5,Available
147705,CAIXUN,LE-39T1,LCD (LED),38.3,38,32.0,138.0,6.0,Available
147706,LG,50UR765H0VC,LCD (LED),49.5,50,78.0,287.0,4.5,Available
147709,LG,55UR765H0VC,LCD (LED),54.6,55,80.0,295.0,5.5,Available
147710,LG,65UR765H0VC,LCD (LED),64.5,64,115.0,422.0,5.0,Available
147707,CAIXUN,LE-40T1,LCD (LED),39.5,40,35.9,151.0,6.0,Available
147711,LG,75UR765H0VC,LCD (LED),74.5,74,140.0,514.0,5.5,Available
147713,CAIXUN,LE-42T1,LCD (LED),41.5,42,38.3,159.0,6.0,Available
147716,CAIXUN,LE-43T1,LCD (LED),42.5,42,39.5,162.0,6.0,Available
147926,TCL,65C935,LCD (LED),64.5,64,171.2,689.0,3.0,Available
147927,TCL,75C935,LCD (LED),74.5,74,201.0,810.0,3.5,Available
148038,BAUHN,ATV75UHDW-0622,LCD (LED),74.5,74,127.7,469.0,6.0,Available
148071,BLAUPUNKT,BP650USG9700,LCD (LED),64.5,64,109.0,400.0,5.5,Available
148077,BLAUPUNKT,BP860USG9700,LCD (LED),85.6,86,270.0,988.0,4.0,Available
148080,BLAUPUNKT,BP550USG9700,LCD (LED),54.6,55,91.0,335.0,5.0,Available
148082,BLAUPUNKT,BP420FSG9700,LCD (LED),41.5,42,43.9,163.0,6.0,Available
148083,HISENSE,55U7HAU,LCD (LED),54.6,55,92.3,380.0,4.5,Available
148084,HISENSE,65U7HAU,LCD (LED),64.5,64,115.68,464.0,5.0,Available
148085,HISENSE,75U7HAU,LCD (LED),74.5,74,148.69,599.0,5.0,Available
148086,HISENSE,85U7HAU,LCD (LED),84.6,85,214.94,868.0,4.5,Available
148089,HISENSE,32A4HAU,LCD (LED),31.5,32,25.32,104.0,6.0,Available
148096,SAMSUNG ELECTRONICS,QA98QN100BW,LCD (LED),97.5,98,438.0,1602.0,3.0,Available
148158,SAMSUNG ELECTRONICS,HG43Q60BAAW,LCD (LED),42.5,42,70.0,259.0,4.0,Available
148160,SAMSUNG ELECTRONICS,HG50Q60BAAW,LCD (LED),49.5,50,80.0,295.0,4.5,Available
148162,SAMSUNG ELECTRONICS,HG55Q60BAAW,LCD (LED),54.6,55,87.0,321.0,5.0,Available
148163,SAMSUNG ELECTRONICS,HG65Q60BAAW,LCD (LED),64.5,64,117.0,430.0,5.0,Available
148164,SAMSUNG ELECTRONICS,HG75Q60BAAW,LCD (LED),74.5,74,183.0,671.0,4.5,Available
147727,BAUHN,ATV40FHDG-1122,LCD (LED),39.5,40,40.0,148.0,6.0,Available
148197,PANASONIC,TH-55LX800Z,LCD (LED),54.6,55,97.96,380.0,4.5,Available
147946,PHILIPS,32PHT6915/79,LCD (LED),31.5,32,35.47,146.0,4.5,Available
148240,PHILIPS,43PFT6915/79,LCD (LED),42.5,42,50.44,206.0,5.0,Available
148246,KOGAN,LE-40T1,LCD (LED),39.5,40,34.7106,151.0,6.0,Available
148251,LG,OLED55CS6LA,OLED,54.6,55,102.0,375.0,4.5,Available
148252,LG,OLED55CSPSA,OLED,54.6,55,102.0,375.0,4.5,Available
148253,LG,OLED65CS6LA,OLED,64.5,64,126.0,462.0,5.0,Available
148254,LG,OLED65CSPSA,OLED,64.5,64,126.0,462.0,5.0,Available
148255,LG,OLED77CS6LA,OLED,76.7,77,156.0,572.0,5.5,Available
148256,LG,OLED77CSPSA,OLED,76.7,77,156.0,572.0,5.5,Available
148257,LG,42LX3Q6LA,OLED,41.5,42,63.0,232.0,4.5,Available
148258,LG,42LX3QPSA,OLED,41.5,42,63.0,232.0,4.5,Available
148259,LG,50QNED7SSQA,LCD (LED),49.5,50,73.0,269.0,5.0,Available
148260,LG,55QNED7SSQA,LCD (LED),54.6,55,94.0,346.0,4.5,Available
148261,LG,65QNED7SSQA,LCD (LED),64.5,64,114.0,419.0,5.0,Available
148262,LG,75QNED7SSQA,LCD (LED),74.5,74,130.0,477.0,6.0,Available
148264,JVC,JV55ID7A2022Q,LCD (LED),54.6,55,100.2,400.0,4.0,Available
148284,EKO,K32DVD,LCD,31.5,32,35.2,131.0,5.0,Available
148317,PHILIPS,65PUT7906/75,LCD (LED),64.5,64,128.4,518.0,4.5,Available
148437,SMARTTECH,SMT-U50T1,LCD (LED),49.5,50,50.6,210.0,6.0,Available
148468,SMARTTECH,SMT-U55T1,LCD (LED),54.6,55,53.64,247.0,6.0,Available
148475,SMARTTECH,SMT-U65T1,LCD (LED),64.5,64,99.95,386.0,5.5,Available
148494,KOGAN,LE-32T1,LCD (LED),31.5,32,26.4498,110.0,5.5,Available
148496,KOGAN,LE-24T1,LCD (LED),23.6,24,17.1498,70.0,5.5,Available
148504,LG,OLED97G2PSA,OLED,96.5,96,219.0,802.0,6.0,Available
148505,LG,OLED97G26LA,OLED,96.5,96,219.0,802.0,6.0,Available
148553,SPHERE,S8LED185,LCD (LED),18.5,18,17.74,67.0,4.5,Available
148579,SPHERE,S8LED215,LCD (LED),21.5,22,24.81,93.0,4.0,Available
148581,SPHERE,S8LED238,LCD (LED),23.8,24,26.67,100.0,4.0,Available
148595,BAUHN,ATV70UHDT-1022,LCD,69.5,70,97.8,420.0,6.0,Available
148597,BLAUPUNKT,BP550USG9700,LCD,54.6,55,93.324,380.0,4.5,Available
148614,HISENSE,55U8HAU,LCD (LED),54.6,55,115.84,476.0,3.5,Available
148615,HISENSE,65U8HAU,LCD (LED),64.5,64,159.55,638.0,3.5,Available
148613,SMARTTECH,SMT-H32T1,LCD (LED),31.5,32,25.8,110.0,5.5,Available
148618,SMARTTECH,SMT-F40T1,LCD (LED),39.5,40,35.9,151.0,6.0,Available
148621,DECAMAX,WY55F1F-EU,LCD (LED),54.6,55,106.68,430.0,3.5,Available
148569,SIGNIFY,EA2277,LCD (LED),54.6,55,98.268,378.0,4.5,Available
148691,JVC,AV-H323115A11,LCD,31.6,32,31.9,118.0,5.5,Available
148693,JVC,LT-40N5115A11,LCD,39.7,40,36.7,186.0,5.0,Available
148694,JVC,AV-H657115A11,LCD,64.2,64,124.968,512.0,4.5,Available
148696,JVC,AV-H557135A11,LCD,54.5,54,102.0,375.0,4.5,Available
148700,JVC,AV-H437115A11,LCD,42.5,42,73.0,269.0,4.0,Available
148709,SVISION,SC32HSG,LCD (LED),31.5,32,34.4,151.0,4.0,Available
148739,ARK,H24,LCD,23.5,24,14.0,53.0,7.0,Available
148774,LINSAR,LS98UHDNF,LCD,97.5,98,214.416,823.0,6.0,Available
148780,AKAI,AK5021S6WOS,LCD (LED),49.5,50,59.7,220.0,6.0,Available
148787,BLAUPUNKT,BP400FSG9700,LCD,39.7,40,50.5,186.0,5.0,Available
148834,BLAUPUNKT,BP320HSG9700,LCD,31.6,32,31.9,118.0,5.5,Available
148837,EKO,K320HSG,LCD,31.6,32,31.9,118.0,5.5,Available
148902,CHIQ,L32D6C,LCD (LED),31.5,32,30.0,112.0,5.5,Available
148994,EKO,K650USG,LCD,64.2,64,124.968,512.0,4.5,Available
148995,EKO,K550USG,LCD,54.6,55,93.324,380.0,4.5,Available
149006,EKO,K55USW,LCD,54.6,55,96.06,353.0,4.5,Available
149013,EKO,K65USW,LCD,64.5,64,111.39,409.0,5.5,Available
149014,EKO,K75USW,LCD,74.5,74,228.91,840.0,3.5,Available
149024,BLAUPUNKT,BP650USG9700,LCD,64.2,64,124.968,512.0,4.5,Available
149021,KOGAN,KALED55RT9230SVA,LCD (LED),54.6,55,53.64,247.0,6.0,Available
149033,LG,55AN960H0SD,OLED,54.6,55,70.0,258.0,6.0,Available
149034,LG,65AN960H0SD,OLED,64.5,64,87.0,320.0,6.0,Available
149035,VEON,VNG22F5022,LCD (LED),49.5,50,72.1,280.0,5.0,Available
149039,VEON,VNG22F5522,LCD,54.6,55,94.8,350.0,4.5,Available
149055,ENGLAON,LED40X70,LCD (LED),39.7,40,36.27,140.0,6.0,Available
149165,METZ,65MXD9500N,OLED,64.7,65,113.4,586.0,4.0,Available
149170,EKO,K400DVD,LCD,39.5,40,47.02,175.0,5.0,Available
149174,BLAUPUNKT,BP750USG9700,LCD,74.2,74,221.6,811.0,3.5,Available
149209,EKO,K500USG,LCD,49.3,49,102.36,376.0,3.5,Available
149243,HISENSE,75U80HAU,LCD (LED),74.5,74,243.11,955.0,3.0,Available
149245,HISENSE,55X8HAU,OLED,54.6,55,78.58,319.0,5.0,Available
149244,HISENSE,65X8HAU,OLED,64.5,64,92.33,369.0,6.0,Available
149241,HISENSE,65U9HAU,LCD (LED),64.5,64,168.67,649.0,3.5,Available
149246,HISENSE,65X9HAU,OLED,64.5,64,108.3,459.0,5.0,Available
149255,HISENSE,98U7HNZ,LCD (LED),97.5,98,256.93,1028.0,5.0,Available
149267,BLAUPUNKT,BP85WOS,LCD,84.6,85,203.32,743.0,5.0,Available
149326,LINSAR,LS82UHDNF2,LCD,81.6,82,170.6,630.0,5.5,Available
149327,ENGLAON,LED32X70,LCD (LED),31.8,32,38.46,148.0,4.5,Available
149339,FURRION,FDFD24D4D,LCD,23.8,24,31.98,120.0,3.5,Available
149386,VEON,VNG22F7522,LCD (LED),74.5,74,175.6,650.0,4.5,Available
149387,VEON,VNG22F6522,LCD (LED),64.5,64,128.1,520.0,4.5,Available
149422,KOGAN,KAOLED55X2SKA,OLED,54.5,54,90.1,424.0,4.0,Available
149423,KOGAN,KAOLED65X2SKA,OLED,64.7,65,113.4,586.0,4.0,Available
149433,LG,43UQ901C0SD,LCD (LED),42.5,42,75.0,276.0,3.5,Available
149434,LG,50UQ901C0SD,LCD (LED),49.5,50,90.0,331.0,4.0,Available
149435,LG,55UQ901C0SD,LCD (LED),54.6,55,114.0,419.0,4.0,Available
149436,LG,65UQ901C0SD,LCD (LED),64.5,64,148.0,543.0,4.0,Available
149437,LG,75UQ901C0SD,LCD (LED),74.5,74,165.0,605.0,5.0,Available
149438,LG,86UQ901C0SD,LCD (LED),85.6,86,250.0,915.0,4.0,Available
149443,KONIC,KKD43SG396A,LCD (LED),42.5,42,46.6632,181.0,5.5,Available
149418,LINSAR,LSK55WSFW,LCD,54.6,55,62.5,272.0,6.0,Available
149482,LINSAR,LSK50WSFW,LCD,49.5,50,53.8,225.0,6.0,Available
149504,BAUHN,ATV60UHDW-1023,LCD,60.0,60,80.7,296.0,6.0,Available
149533,BLAUPUNKT,BP240HSG9700,LCD (LED),23.5,24,25.0,105.0,4.0,Available
149553,EKO,K240HSG,LCD (LED),23.5,24,25.0,105.0,4.0,Available
149571,ILUMA,ILU-SMARTTV32-DVD,LCD,31.6,32,32.18,119.0,5.0,Available
149580,BLAUPUNKT,BP430FSG9700,LCD,42.5,42,47.76,176.0,5.5,Available
149585,EKO,K43FSG11,LCD,42.5,42,47.76,176.0,5.5,Available
149623,LINSAR,LSK32WSFW,LCD,31.5,32,28.2,105.0,6.0,Available
149665,KOGAN,KALED75XU9420STA,LCD (LED),74.5,74,133.0,488.0,6.0,Available
149667,KOGAN,KALED32RH9510STA,LCD (LED),31.5,32,28.0,104.0,6.0,Available
149697,TCL,58P635,LCD (LED),57.5,58,56.1,251.0,6.0,Available
149731,EKO,K40FSW,LCD,39.5,40,40.38,151.0,6.0,Available
149762,JVC,JVG3B5022Q,LCD (LED),49.5,50,74.7,318.0,4.5,Available
149766,JVC,JVG3B5522Q,LCD (LED),54.5,54,73.9,300.0,5.5,Available
149770,JVC,JVG3B6522Q,LCD,64.5,64,114.8,460.0,5.0,Available
149774,JVC,JVG3B7522Q,LCD (LED),74.5,74,175.4,650.0,4.5,Available
149776,JVC,JVG518622Q,LCD (LED),85.5,86,237.5,980.0,4.0,Available
149824,LINSAR,LS75UHDZEN,LCD,74.5,74,108.1,480.0,6.0,Available
149830,EKO,K750USG,LCD,74.5,74,259.3,949.0,3.0,Available
149831,BLAUPUNKT,BP750USG9700,LCD,74.5,74,259.3,949.0,3.0,Available
149832,LINSAR,LS65UHDZEN,LCD,64.5,64,96.3,360.0,6.0,Available
149834,EKO,K40FSW,LCD,39.5,40,40.38,151.0,6.0,Available
149456,ILUMA,ILU-SMARTTV24-DVD,LCD,23.8,24,30.28,112.0,3.5,Available
149838,EKO,K70USW,LCD,69.5,70,171.7,630.0,4.0,Available
149839,EKO,K700USG,LCD,69.5,70,189.9,695.0,3.5,Available
149841,JVC,LT-75N7125A11,LCD,74.2,74,221.6,811.0,3.5,Available
149842,EKO,K55USW,LCD (LED),54.6,55,84.048,324.0,5.0,Available
149933,EKO,K400DVD,LCD,39.5,40,47.02,175.0,5.0,Available
150017,KOGAN,KALED58TU9420SKA,LCD (LED),57.5,58,106.2,410.0,4.5,Available
150089,JVC,AV-HQ507115A11,LCD,49.7,50,101.98,374.0,3.5,Available
150091,JVC,LT-50NQ7115A11,LCD,49.2,49,60.73,253.0,5.0,Available
150136,VEON,VN50ID7022,LCD (LED),49.5,50,82.7,345.0,4.0,Available
150155,JVC,LT-32N3135A,LCD (LED),31.5,32,24.687,110.0,5.5,Available
150165,KOGAN,KALED70TX9520SKA,LCD (LED),69.5,70,144.2,580.0,4.5,Available
150263,LINSAR,LS85UHDZEN,LCD,84.6,85,159.0,610.0,6.0,Available
150268,AKAI,AK4022S7WOS,LCD,39.5,40,39.9,150.0,6.0,Available
150270,KOGAN,KAQLED85XQ98JSTA,LCD (LED),84.6,85,266.0,974.0,4.0,Available
150298,BAUHN,ATV43UHDT-0123,LCD (LED),42.5,42,45.5,170.0,6.0,Available
150300,EKO,K55USW,LCD (LED),54.6,55,82.938,323.0,5.0,Available
150327,JVC,LT-55NQ7105A11,LCD,54.6,55,72.4,330.0,5.0,Available
150326,AKAI,AK6522S7TZN,LCD,64.5,64,96.3,370.0,6.0,Available
150329,TEAC,LEDV2422DT,LCD (LED),23.5,24,19.6,90.0,4.5,Available
148363,BAUHN,Tizen TV,LCD (LED),64.5,64,96.3,360.0,6.0,Available
150364,SONY,KD-55X80L,LCD (LED),54.6,55,126.2,467.0,3.5,Available
150365,SONY,KD-65X80L,LCD (LED),64.5,64,147.6,544.0,4.0,Available
150366,KODAK,KD40WOS2,LCD,39.5,40,39.9,150.0,6.0,Available
150434,KOGAN,KALED50RN9220STA,LCD (LED),49.5,50,75.0,277.0,5.0,Available
150474,KOGAN,KAQLED65XQ98JSTA,LCD (LED),64.5,64,158.0,579.0,4.0,Available
150475,KOGAN,KAQLED75XQ98JSTA,LCD (LED),74.5,74,182.0,667.0,4.5,Available
150476,KOGAN,KAQLED55XQ98JSTA,LCD (LED),54.6,55,92.0,339.0,5.0,Available
150477,KOGAN,KALED65XU9220STB,LCD (LED),64.5,64,110.0,404.0,5.5,Available
150478,ENGLAON,LED24M30,LCD (LED),23.8,24,29.05,108.0,4.0,Available
150479,ENGLAON,LED24X70,LCD (LED),24.4,24,25.84,102.0,4.5,Available
150481,POLAROID,PL3221HDC,LCD,31.5,32,27.1,102.0,6.0,Available
150503,DGTEC,DG65UHDOS,LCD (LED),64.5,64,95.274,367.0,6.0,Available
150534,SONY,XR-55A80L,OLED,54.6,55,103.7,387.0,4.0,Available
150537,SONY,XR-65A80L,OLED,64.5,64,121.1,451.0,5.0,Available
150543,LINSAR,LS50UHDZEN,LCD,49.5,50,56.7,225.0,6.0,Available
150544,LINSAR,LS55UHDZEN,LCD,54.6,55,68.5,272.0,6.0,Available
150555,TEAC,LEV24A423,LCD (LED),23.6,24,22.2,83.0,5.0,Available
150560,AKAI,AK7522S7TZN,LCD,74.5,74,108.1,480.0,6.0,Available
150585,KOGAN,KAQLED50XQ98JSTA,LCD (LED),49.5,50,104.0,382.0,3.5,Available
150615,MONSTER,MT24HDW-LT22,LCD (LED),23.5,24,15.1,66.0,6.0,Available
150632,MONSTER,MT32HDW-LT22,LCD,31.5,32,23.5,90.0,6.0,Available
150641,VEON,VN32ID70,LCD (LED),31.5,32,31.78,118.0,5.0,Available
150642,LINSAR,LSK43WSFW,LCD,42.5,42,44.6,172.0,6.0,Available
150648,POLAROID,PL55M4G11,LCD,54.5,54,68.98,254.0,6.0,Available
150656,LG,32LN340CBSD,LCD (LED),31.5,32,33.0,123.0,5.0,Available
150666,ALTIUS,AT24HDW-BCF,LCD,23.5,24,15.1,66.0,6.0,Available
150667,KODAK,KD32WOS2,LCD,31.5,32,23.5,90.0,6.0,Available
150668,ALTIUS,AT32HDW-BCF,LCD,31.5,32,23.5,90.0,6.0,Available
150674,KOGAN,KALED42RF7510SPA,LCD (LED),41.5,42,44.2,180.0,5.5,Available
150691,TEAC,LEV32A423,LCD (LED),31.5,32,33.3,124.0,5.0,Available
150699,AKAI,AK5022S7TZN,LCD,49.5,50,56.7,225.0,6.0,Available
150826,SONY,XR-77A80L,OLED,76.7,77,169.7,629.0,5.0,Available
150816,KOGAN,KALED43RF9820STA,LCD (LED),42.5,42,55.0,203.0,5.0,Available
150908,AKAI,AK3221S6WOS,LCD,31.5,32,23.8,89.0,6.0,Available
150911,POLAROID,PL6521UHDG,LCD,64.2,64,94.65,348.0,6.0,Available
150943,SHARP,2T-C32EG1X,LCD (LED),31.5,32,29.15,110.0,5.5,Available
150945,SHARP,2T-C42EG1X,LCD (LED),41.5,42,53.0,197.0,5.0,Available
150946,SHARP,4T-C50DK1X,LCD (LED),49.5,50,84.4,312.0,4.5,Available
150947,SHARP,4T-C70DL1X,LCD (LED),69.5,70,123.94,457.0,5.5,Available
150949,BLAUPUNKT,BP430FSG9700,LCD,42.5,42,54.04,199.0,5.0,Available
150951,EKO,K43FSG11,LCD,42.5,42,54.04,199.0,5.0,Available
150952,BLAUPUNKT,BP430FSG9700C,LCD,42.5,42,54.04,199.0,5.0,Available
150970,KODAK,KD55WOS2,LCD,54.6,55,69.64,256.0,6.0,Available
150972,LINSAR,LS75UHDNF,LCD (LED),74.5,74,127.7,469.0,6.0,Available
150977,BLAUPUNKT,BP58WOS,LCD (LED),57.5,58,105.156,405.0,4.5,Available
151007,LOEWE,BILD i65,OLED,64.5,64,114.0,418.0,5.0,Available
151008,LOEWE,BILD i55,OLED,54.6,55,96.5,354.0,4.5,Available
151009,LOEWE,BILD i48,OLED,47.5,48,74.4,274.0,4.5,Available
151012,BLAUPUNKT,BP500USG9700,LCD (LED),54.6,55,86.04,332.0,5.0,Available
150989,KONKA,KUD50WT702AN,LCD,49.5,50,71.99,267.0,5.0,Available
150987,KONKA,KUD55WT702AN,LCD (LED),54.6,55,86.54,320.0,5.0,Available
151145,SHARP,4T-C60DL1X,LCD (LED),60.1,60,137.0,504.0,4.0,Available
151169,BAUHN,ATV50UHDT-0323,LCD,49.5,50,56.7,225.0,6.0,Available
151170,BAUHN,ATV75UHDT-0423,LCD,74.5,74,108.1,480.0,6.0,Available
151217,KONKA,KDL40WE680AN,LCD (LED),39.5,40,44.99,175.0,5.0,Available
151218,KONKA,KDL32WE680AN,LCD (LED),31.5,32,31.1544,122.0,5.0,Available
151282,BLAUPUNKT,BP85WOS,LCD,84.6,85,228.0,834.0,4.5,Available
151289,SONY,XR-55X90L,LCD (LED),54.6,55,121.0,450.0,3.5,Available
151290,SONY,XR-65X90L,LCD (LED),64.5,64,144.3,535.0,4.0,Available
151346,LG,OLED42C3PSA,OLED,41.5,42,63.0,232.0,4.5,Available
151347,LG,OLED42C36LA,OLED,41.5,42,63.0,232.0,4.5,Available
151348,LG,OLED48A3PSA,OLED,47.5,48,75.0,276.0,4.5,Available
151349,LG,OLED48A36LA,OLED,47.5,48,75.0,276.0,4.5,Available
151350,LG,OLED48C3PSA,OLED,47.5,48,77.0,284.0,4.5,Available
151351,LG,OLED48C36LA,OLED,47.5,48,77.0,284.0,4.5,Available
151352,LG,OLED55A3PSA,OLED,54.6,55,84.0,309.0,5.0,Available
151353,LG,OLED55A36LA,OLED,54.6,55,84.0,309.0,5.0,Available
151354,LG,OLED55B3PSA,OLED,54.6,55,99.0,364.0,4.5,Available
151355,LG,OLED55B36LA,OLED,54.6,55,99.0,364.0,4.5,Available
151356,LG,OLED55C3PSA,OLED,54.6,55,95.0,349.0,4.5,Available
151357,LG,OLED55C36LA,OLED,54.6,55,95.0,349.0,4.5,Available
151358,LG,OLED55G3PSA,OLED,54.6,55,115.0,422.0,4.0,Available
151359,LG,OLED55G36LA,OLED,54.6,55,115.0,422.0,4.0,Available
151360,LG,OLED65A3PSA,OLED,64.5,64,103.0,378.0,5.5,Available
151361,LG,OLED65A36LA,OLED,64.5,64,103.0,378.0,5.5,Available
151362,LG,OLED65B3PSA,OLED,64.5,64,121.0,444.0,5.0,Available
151363,LG,OLED65B36LA,OLED,64.5,64,121.0,444.0,5.0,Available
151364,LG,OLED65C3PSA,OLED,64.5,64,112.0,411.0,5.5,Available
151365,LG,OLED65C36LA,OLED,64.5,64,112.0,411.0,5.5,Available
151366,LG,OLED65G3PSA,OLED,64.5,64,145.0,532.0,4.0,Available
151367,LG,OLED65G36LA,OLED,64.5,64,145.0,532.0,4.0,Available
151368,LG,OLED77B3PSA,OLED,76.7,77,158.0,579.0,5.0,Available
151369,LG,OLED77B36LA,OLED,76.7,77,158.0,579.0,5.0,Available
151370,LG,OLED77C3PSA,OLED,76.7,77,153.0,561.0,5.5,Available
151371,LG,OLED77C36LA,OLED,76.7,77,153.0,561.0,5.5,Available
151372,LG,OLED77G3PSA,OLED,76.7,77,196.0,718.0,4.5,Available
151373,LG,OLED77G36LA,OLED,76.7,77,196.0,718.0,4.5,Available
151374,LG,OLED77Z3PSA,OLED,76.7,77,238.0,871.0,3.5,Available
151375,LG,OLED83C3PSA,OLED,82.5,82,179.0,656.0,5.5,Available
151376,LG,OLED83C36LA,OLED,82.5,82,179.0,656.0,5.5,Available
151377,LG,OLED83G3PSA,OLED,82.5,82,181.0,663.0,5.5,Available
151378,LG,OLED83G36LA,OLED,82.5,82,181.0,663.0,5.5,Available
151393,BAUHN,ATV24HDG-0223,LCD (LED),23.5,24,16.17,84.0,5.0,Available
151400,SONY,KD-75X80L,LCD (LED),74.5,74,187.9,692.0,4.0,Available
151401,SONY,KD-85X80L,LCD (LED),84.6,85,238.7,878.0,4.0,Available
151433,SAMSUNG ELECTRONICS,QA65Q60CAW,LCD (LED),64.5,64,107.0,394.0,5.5,Available
151436,YOKOHAMA,YOKT55Q8,LCD,54.9,55,75.58,278.0,5.5,Available
151437,YOKOHAMA,YOKT65Q8,LCD,64.6,65,148.05,542.0,4.0,Available
151440,SAMSUNG ELECTRONICS,QA50Q60CAS,LCD (LED),49.5,50,76.0,280.0,5.0,Available
151446,LG,50QNED81SRA,LCD (LED),49.5,50,80.0,295.0,4.5,Available
151447,LG,50QNED816RA,LCD (LED),49.5,50,80.0,295.0,4.5,Available
151448,LG,55QNED81SRA,LCD (LED),54.6,55,94.0,346.0,4.5,Available
151449,LG,55QNED816RA,LCD (LED),54.6,55,94.0,346.0,4.5,Available
151450,LG,65QNED81SRA,LCD (LED),64.5,64,118.0,433.0,5.0,Available
151451,LG,65QNED816RA,LCD (LED),64.5,64,118.0,433.0,5.0,Available
151452,LG,75QNED81SRA,LCD (LED),74.5,74,134.0,492.0,5.5,Available
151453,LG,75QNED816RA,LCD (LED),74.5,74,134.0,492.0,5.5,Available
151454,LG,86QNED81SRA,LCD (LED),85.6,86,198.0,725.0,5.0,Available
151455,LG,86QNED816RA,LCD (LED),85.6,86,198.0,725.0,5.0,Available
151476,SAMSUNG ELECTRONICS,QA43Q60CAS,LCD (LED),42.5,42,70.0,259.0,4.0,Available
151478,SAMSUNG ELECTRONICS,QA55Q60CAW,LCD (LED),54.6,55,87.0,321.0,5.0,Available
151488,SAMSUNG ELECTRONICS,QA50QN90CAW,LCD (LED),49.5,50,94.0,346.0,4.0,Available
151489,SAMSUNG ELECTRONICS,QA55QN90CAW,LCD (LED),54.6,55,113.0,416.0,4.0,Available
151565,SONY,KD-55X85L,LCD (LED),54.6,55,107.0,396.0,4.0,Available
151566,SONY,KD-65X85L,LCD (LED),64.5,64,144.6,533.0,4.0,Available
151572,PRISM+,Q55U,LCD (LED),54.6,55,73.254,304.0,5.5,Available
151598,SAMSUNG ELECTRONICS,QA85Q60CAW,LCD (LED),84.6,85,173.0,635.0,5.5,Available
151602,SAMSUNG ELECTRONICS,QA65QN90CAW,LCD (LED),64.5,64,155.0,569.0,4.0,Available
151603,SAMSUNG ELECTRONICS,QA75QN90CAW,LCD (LED),74.5,74,186.0,682.0,4.5,Available
151630,LG,43UR8050PSB,LCD (LED),42.5,42,73.0,269.0,4.0,Available
151631,LG,43UR80006LJ,LCD (LED),42.5,42,73.0,269.0,4.0,Available
151632,LG,50UR8050PSB,LCD (LED),49.5,50,78.0,287.0,4.5,Available
151633,LG,50UR80006LJ,LCD (LED),49.5,50,78.0,287.0,4.5,Available
151634,LG,55UR8050PSB,LCD (LED),54.6,55,97.0,357.0,4.5,Available
151635,LG,55UR80006LJ,LCD (LED),54.6,55,97.0,357.0,4.5,Available
151636,LG,65UR8050PSB,LCD (LED),64.5,64,127.0,466.0,4.5,Available
151637,LG,65UR80006LJ,LCD (LED),64.5,64,127.0,466.0,4.5,Available
151638,LG,75UR8050PSB,LCD (LED),74.5,74,165.0,605.0,5.0,Available
151639,LG,86UR8050PSB,LCD (LED),85.6,86,250.0,915.0,4.0,Available
151665,BAUHN,ATV24HDG-0223,LCD (LED),23.5,24,16.17,61.0,6.0,Available
151691,SAMSUNG ELECTRONICS,QA43QN90CAW,LCD (LED),42.5,42,70.0,259.0,4.0,Available
151692,SONY,XR-75X90L,LCD (LED),74.5,74,159.3,589.0,5.0,Available
151696,PRISM+,Q65U,LCD (LED),64.5,64,110.448,465.0,5.0,Available
151711,SAMSUNG ELECTRONICS,QA65QN85CAW,LCD (LED),64.5,64,137.0,503.0,4.5,Available
151648,SAMSUNG ELECTRONICS,QA75QN85CAW,LCD (LED),74.5,74,153.0,562.0,5.0,Available
151712,SAMSUNG ELECTRONICS,UA43CU8000W,LCD (LED),42.5,42,70.0,259.0,4.0,Available
151713,SAMSUNG ELECTRONICS,UA50CU8000W,LCD (LED),49.5,50,89.0,328.0,4.0,Available
151714,SAMSUNG ELECTRONICS,UA55CU8000W,LCD (LED),54.6,55,98.0,361.0,4.5,Available
151716,SAMSUNG ELECTRONICS,UA65CU8000W,LCD (LED),64.5,64,123.0,452.0,5.0,Available
151749,EKO,K42FSW2,LCD,41.5,42,70.2,260.0,3.5,Available
151761,SAMSUNG ELECTRONICS,QA75Q70CAW,LCD (LED),74.5,74,158.0,580.0,5.0,Available
151766,SAMSUNG ELECTRONICS,QA85QN90CAW,LCD (LED),84.6,85,245.0,897.0,4.0,Available
151793,EKO,K32HSW,LCD (LED),31.5,32,33.27,140.0,4.5,Available
151839,SAMSUNG ELECTRONICS,QA55Q80CAW,LCD (LED),54.6,55,112.0,412.0,4.0,Available
151840,SAMSUNG ELECTRONICS,QA32LS03CBW,LCD (LED),31.5,32,43.0,160.0,4.0,Available
151841,SAMSUNG ELECTRONICS,QA55QN85CAW,LCD (LED),54.6,55,112.0,412.0,4.0,Available
151842,SAMSUNG ELECTRONICS,QA85QN85CAW,LCD (LED),84.6,85,206.0,755.0,5.0,Available
151845,SAMSUNG ELECTRONICS,QA65QN800CW,LCD (LED),64.5,64,263.0,963.0,1.5,Available
151846,SAMSUNG ELECTRONICS,QA75QN800CW,LCD (LED),74.5,74,292.0,1069.0,2.5,Available
151847,SAMSUNG ELECTRONICS,UA75CU8000W,LCD (LED),74.5,74,165.0,605.0,5.0,Available
151848,SAMSUNG ELECTRONICS,QA85Q70CAW,LCD (LED),84.6,85,216.0,791.0,4.5,Available
151853,SAMSUNG ELECTRONICS,QA65Q80CAW,LCD (LED),64.5,64,153.0,562.0,4.0,Available
151854,SAMSUNG ELECTRONICS,QA75Q80CAW,LCD (LED),74.5,74,203.0,744.0,4.0,Available
151855,SAMSUNG ELECTRONICS,QA85Q80CAW,LCD (LED),84.6,85,259.0,948.0,4.0,Available
151856,SAMSUNG ELECTRONICS,QA55Q70CAW,LCD (LED),54.6,55,114.0,419.0,4.0,Available
151857,SAMSUNG ELECTRONICS,QA65Q70CAW,LCD (LED),64.5,64,145.0,532.0,4.0,Available
151861,SAMSUNG ELECTRONICS,QA75QN900CW,LCD (LED),74.5,74,340.0,1244.0,1.5,Available
151862,SAMSUNG ELECTRONICS,QA65QN700CS,LCD (LED),64.5,64,190.0,697.0,3.0,Available
151864,SAMSUNG ELECTRONICS,QA85QN900CW,LCD (LED),84.6,85,373.0,1365.0,2.0,Available
151881,LG,43UR78006LL,LCD (LED),42.5,42,73.0,269.0,4.0,Available
151882,LG,50UR78006LL,LCD (LED),49.5,50,78.0,287.0,4.5,Available
151883,LG,55UR78006LL,LCD (LED),54.6,55,97.0,357.0,4.5,Available
151884,LG,65UR78006LL,LCD (LED),64.5,64,127.0,466.0,4.5,Available
151886,SAMSUNG ELECTRONICS,QA65QN95CAW,LCD (LED),64.5,64,155.0,569.0,4.0,Available
151887,SAMSUNG ELECTRONICS,QA50Q80CAS,LCD (LED),49.5,50,93.0,343.0,4.0,Available
151888,SAMSUNG ELECTRONICS,QA75QN700CS,LCD (LED),74.5,74,214.0,784.0,3.5,Available
151889,SAMSUNG ELECTRONICS,QA85QN800CW,LCD (LED),84.6,85,303.0,1109.0,3.0,Available
151890,SAMSUNG ELECTRONICS,QA65QN900CW,LCD (LED),64.5,64,280.0,1025.0,1.0,Available
151892,POLAROID,PL6521UHDG,LCD,64.2,64,94.65,358.0,6.0,Available
151905,SAMSUNG ELECTRONICS,QA75QN95CAW,LCD (LED),74.5,74,194.0,711.0,4.0,Available
151906,SAMSUNG ELECTRONICS,QA85QN95CAW,LCD (LED),84.6,85,247.0,905.0,4.0,Available
151907,SAMSUNG ELECTRONICS,QA75Q60CAW,LCD (LED),74.5,74,183.0,671.0,4.5,Available
151908,SAMSUNG ELECTRONICS,QA55QN700CS,LCD (LED),54.6,55,168.0,616.0,2.0,Available
151949,AKAI,AK5522S7TZN,LCD,54.6,55,68.5,272.0,6.0,Available
151962,SONY,KD-75X77L,LCD (LED),74.5,74,214.5,789.0,3.5,Available
151974,SONY,XR-83A80L,OLED,82.5,82,207.0,765.0,4.5,Available
151973,POLAROID,PL40S4G11,LCD,39.5,40,40.0,149.0,6.0,Available
152005,LINSAR,LS32C12V,LCD,31.5,32,27.1,102.0,6.0,Available
152068,KOGAN,KALED98X98JSTA,LCD (LED),97.5,98,337.0,1233.0,4.0,Available
152060,EKO,K650USG,LCD,64.5,64,143.934,554.0,4.0,Available
152075,EKO,K550USG,LCD,54.6,55,91.788,354.0,4.5,Available
152081,EKO,K500USG,LCD,49.5,50,86.21,333.0,4.0,Available
152082,KOGAN,KALED32RH9320STA,LCD (LED),31.5,32,28.0,104.0,6.0,Available
152104,LG,65QNED86SRA,LCD (LED),64.5,64,125.0,459.0,5.0,Available
152105,LG,65QNED866RA,LCD (LED),64.5,64,125.0,459.0,5.0,Available
152106,LG,75QNED86SRA,LCD (LED),74.5,74,150.0,550.0,5.0,Available
152107,LG,75QNED866RA,LCD (LED),74.5,74,150.0,550.0,5.0,Available
152108,LG,86QNED86SRA,LCD (LED),85.6,86,206.0,754.0,5.0,Available
152109,LG,86QNED866RA,LCD (LED),85.6,86,206.0,754.0,5.0,Available
152138,BLAUPUNKT,BP650USG9800,LCD,64.5,64,143.934,554.0,4.0,Available
152157,SONY,KD-55X77L,LCD (LED),54.6,55,129.1,477.0,3.5,Available
152158,SONY,KD-65X77L,LCD (LED),64.5,64,143.6,530.0,4.0,Available
152167,SONY,KD-75X85L,LCD (LED),74.5,74,181.1,667.0,4.5,Available
152176,LG,43UR81006LJ,LCD (LED),42.5,42,73.0,269.0,4.0,Available
152177,LG,50UR81006LJ,LCD (LED),49.5,50,78.0,287.0,4.5,Available
152178,LG,55UR81006LJ,LCD (LED),54.6,55,97.0,357.0,4.5,Available
152179,LG,65UR81006LJ,LCD (LED),64.5,64,127.0,466.0,4.5,Available
152180,LG,75UR80006LJ,LCD (LED),74.5,74,165.0,605.0,5.0,Available
152181,LG,75UR81006LJ,LCD (LED),74.5,74,165.0,605.0,5.0,Available
152182,LG,86UR80006LA,LCD (LED),85.6,86,250.0,915.0,4.0,Available
152183,LG,86UR81006LA,LCD (LED),85.6,86,250.0,915.0,4.0,Available
152240,SONY,XR-85X95L,LCD (LED),84.6,85,280.7,1034.0,3.5,Available
152243,SONY,XR-65X95L,LCD (LED),64.5,64,214.8,793.0,2.5,Available
152244,SONY,XR-75X95L,LCD (LED),74.5,74,242.5,894.0,3.0,Available
152283,SAMSUNG ELECTRONICS,QA55S90CAW,LCD (LED),54.6,55,113.0,416.0,4.0,Available
152284,SONY,KD-43X77L,LCD (LED),42.5,42,77.5,288.0,3.5,Available
152286,SONY,KD-50X77L,LCD (LED),49.5,50,93.8,348.0,4.0,Available
152287,SAMSUNG ELECTRONICS,QA65S90CAW,LCD (LED),64.5,64,154.0,565.0,4.0,Available
152294,EKO,K43FSG11,LCD (LED),42.5,42,53.5,212.0,5.0,Available
152296,FFALCON,FF32RS52,LCD (LED),31.5,32,24.1,99.0,6.0,Available
152314,SONY,XR-85X90L,LCD (LED),84.6,85,201.6,744.0,5.0,Available
152382,LG,OLED42C34LA,OLED,41.5,42,63.0,232.0,4.5,Available
152101,KOGAN,KALED65U92TA,LCD (LED),64.5,64,101.3,404.0,5.5,Available
152427,BAUHN,ATV55UHDT-0723,LCD,54.6,55,68.5,272.0,6.0,Available
152453,ENGLAON,LED32M80,LCD (LED),33.9,34,47.2,175.0,4.5,Available
152455,ENGLAON,LED27M80,LCD (LED),30.4,30,42.76,158.0,4.0,Available
152462,PANASONIC,TH-42MZ980Z,OLED,41.5,42,60.0,223.0,4.5,Available
152463,PANASONIC,TH-48MZ980Z,OLED,47.5,48,78.0,289.0,4.5,Available
152464,PANASONIC,TH-55MZ980Z,OLED,54.7,55,99.0,365.0,4.5,Available
152465,PANASONIC,TH-65MZ980Z,OLED,64.5,64,124.0,457.0,5.0,Available
152466,PANASONIC,TH-55MZ1500Z,OLED,54.7,55,98.0,362.0,4.5,Available
152467,PANASONIC,TH-65MZ1500Z,OLED,64.5,64,124.0,457.0,5.0,Available
152472,SAMSUNG ELECTRONICS,UA85CU8000W,LCD (LED),84.6,85,198.0,726.0,5.0,Available
152483,SAMSUNG ELECTRONICS,QA55S95CAW,LCD (LED),54.6,55,113.0,416.0,4.0,Available
152484,SAMSUNG ELECTRONICS,QA65S95CAW,LCD (LED),64.5,64,155.0,569.0,4.0,Available
152485,SAMSUNG ELECTRONICS,QA77S95CAW,LCD (LED),76.8,77,220.0,806.0,4.0,Available
152548,SAMSUNG ELECTRONICS,LH85BECHLGKXXY,LCD (LED),84.6,85,145.0,532.0,6.0,Available
152550,AKAI,AK4021S6WOS,LCD,39.5,40,39.9,150.0,6.0,Available
152681,SONY,XR-98X90L,LCD (LED),97.5,98,256.4,944.0,5.0,Available
152717,EKO,K40FSW,LCD (LED),39.5,40,48.68,180.0,5.0,Available
152722,EKO,K55OLED,OLED,54.7,55,74.74,275.0,5.5,Available
152760,LINSAR,LS65UHDZEN,LCD,64.5,64,96.3,370.0,6.0,Available
152799,EKO,K50USW2,LCD (LED),49.5,50,78.5,330.0,4.0,Available
152812,JVC,LT-43N5135A,LCD,42.5,42,55.635,205.0,5.0,Available
152821,KONIC,KDL32WE330VN2,LCD,31.5,32,34.67,129.0,5.0,Available
152875,BAUHN,ATV43UHDT-0723,LCD (LED),42.5,42,45.5,170.0,6.0,Available
152913,BAUHN,ATV70UHDT-0623,LCD,69.5,70,110.15,420.0,6.0,Available
152958,PANASONIC,TH-32MS600Z,LCD (LED),31.5,32,23.298,95.0,6.0,Available
152959,PANASONIC,TH-43MS600Z,LCD (LED),42.6,43,35.598,144.0,6.0,Available
152964,FFALCON,FF40RS52,LCD (LED),39.5,40,35.1,144.0,6.0,Available
152966,LG,OLED88Z3PSA,OLED,87.6,88,349.0,1276.0,3.0,Available
152967,LG,OLED88Z36LA,OLED,87.6,88,349.0,1276.0,3.0,Available
152977,PANASONIC,TH-77MZ2000Z,OLED,76.7,77,183.0,672.0,4.5,Available
153054,EKO,K55USW,LCD (LED),54.6,55,96.1,364.0,4.5,Available
153112,ENGLAON,LED22M60,LCD (LED),22.0,22,27.25,102.0,4.0,Available
153113,ENGLAON,LED32M10,LCD (LED),32.0,32,40.45,150.0,4.5,Available
153115,PHILIPS,50PUT8528/79,LCD (LED),49.5,50,81.3,329.0,4.0,Available
153116,PHILIPS,55PUT8528/79,LCD (LED),54.6,55,90.5,365.0,4.5,Available
153117,PHILIPS,65PUT8528/79,LCD (LED),64.5,64,119.3,481.0,4.5,Available
153140,JVC,AV-J323135A,LCD (LED),31.5,32,24.687,110.0,5.5,Available
153155,SONY,XR-55A95L,OLED,54.6,55,103.6,385.0,4.0,Available
153156,SONY,XR-65A95L,OLED,64.5,64,122.1,452.0,5.0,Available
153194,KOGAN,KALED19PRIZD,LCD (LED),18.5,18,15.8694,62.0,5.0,Available
153258,SAMSUNG ELECTRONICS,QA77S90CAW,LCD (LED),76.8,77,178.0,653.0,4.5,Available
153274,PHILIPS,50PUT7908/79,LCD (LED),49.5,50,99.1,400.0,3.0,Available
153275,PHILIPS,55PUT7908/79,LCD (LED),54.6,55,102.3,413.0,4.0,Available
153276,PHILIPS,65PUT7908/79,LCD (LED),64.5,64,129.8,523.0,4.0,Available
153405,PHILIPS,75PUT8808/79,LCD (LED),74.5,74,153.1,617.0,4.5,Available
153411,PHILIPS,75PUT7908/79,LCD (LED),74.5,74,144.1,580.0,5.0,Available
153413,PHILIPS,55PUT8808/79,LCD (LED),54.6,55,136.6,551.0,2.5,Available
153449,BLAUPUNKT,BP50WOS2,LCD,49.5,50,85.767,315.0,4.5,Available
153450,PHILIPS,65PUT8808/79,LCD (LED),64.5,64,142.4,574.0,4.0,Available
153462,JVC,AV-J243145A,LCD (LED),23.6,24,17.0946,70.0,5.5,Available
153525,EKO,K32HSW,LCD (LED),31.5,32,48.19,180.0,3.5,Available
153540,SONY,XR-77A95L,OLED,76.8,77,147.7,546.0,5.5,Available
153579,LG,43UR781C0LL,LCD (LED),42.5,42,73.0,269.0,4.0,Available
153580,LG,43UR801C0SB,LCD (LED),42.5,42,73.0,269.0,4.0,Available
153581,LG,50UR781C0LL,LCD (LED),49.5,50,78.0,287.0,4.5,Available
153582,LG,50UR801C0SB,LCD (LED),49.5,50,78.0,287.0,4.5,Available
153583,LG,55UR781C0LL,LCD (LED),54.6,55,97.0,357.0,4.5,Available
153584,LG,55UR801C0SB,LCD (LED),54.6,55,97.0,357.0,4.5,Available
153585,LG,65UR781C0LL,LCD (LED),64.5,64,127.0,466.0,4.5,Available
153586,LG,65UR801C0SB,LCD (LED),64.5,64,127.0,466.0,4.5,Available
153587,LG,75UR801C0LJ,LCD (LED),74.5,74,165.0,605.0,5.0,Available
153588,LG,75UR801C0SB,LCD (LED),74.5,74,165.0,605.0,5.0,Available
153589,LG,86UR801C0LA,LCD (LED),85.6,86,250.0,915.0,4.0,Available
153590,LG,86UR801C0SB,LCD (LED),85.6,86,250.0,915.0,4.0,Available
153591,TOSHIBA,43C350MP,LCD (LED),42.5,42,51.12,214.0,5.0,Available
153592,TOSHIBA,50C350MP,LCD (LED),49.5,50,67.75,269.0,5.0,Available
153593,TOSHIBA,55C350MP,LCD (LED),54.6,55,63.89,269.0,6.0,Available
153594,TOSHIBA,65C350MP,LCD (LED),64.5,64,82.49,333.0,6.0,Available
153595,TOSHIBA,75C350MP,LCD (LED),74.5,74,114.36,489.0,6.0,Available
153601,BAUHN,ATV50UHDT-0823,LCD,49.5,50,56.7,225.0,6.0,Available
153604,PANASONIC,TH-55MZ2000Z,OLED,54.7,55,106.0,391.0,4.0,Available
153606,PANASONIC,TH-65MZ2000Z,OLED,64.5,64,132.0,486.0,4.5,Available
153609,JVC,LT-50N7145A,LCD,49.3,49,102.36,376.0,3.5,Available
153841,BLAUPUNKT,BP400FSG9800,LCD,39.7,40,50.5,186.0,5.0,Available
153842,EKO,K400FSG,LCD,39.7,40,50.5,186.0,5.0,Available
153907,SYLVOX,KT16A0KGEA,LCD (LED),15.5,16,15.1,58.0,4.5,Available
153908,LG,65QNED866RE,LCD (LED),64.5,64,125.0,459.0,5.0,Available
153909,LG,75QNED866RE,LCD (LED),74.5,74,150.0,550.0,5.0,Available
153910,LG,86QNED866RE,LCD (LED),85.6,86,206.0,754.0,5.0,Available
153944,EKO,K65USWQ2,LCD (LED),64.5,64,113.9,462.0,5.0,Available
153946,LG,43QNED75SRA,LCD (LED),42.5,42,70.0,258.0,4.0,Available
153947,LG,43QNED756RA,LCD (LED),42.5,42,82.0,302.0,3.5,Available
153948,LG,50QNED75SRA,LCD (LED),49.5,50,72.0,265.0,5.0,Available
153949,LG,50QNED756RA,LCD (LED),49.5,50,68.0,251.0,5.5,Available
153950,LG,55QNED75SRA,LCD (LED),54.6,55,92.0,338.0,5.0,Available
153951,LG,55QNED756RA,LCD (LED),54.6,55,87.0,320.0,5.0,Available
153952,LG,65QNED75SRA,LCD (LED),64.5,64,114.0,419.0,5.0,Available
153953,LG,65QNED756RA,LCD (LED),64.5,64,109.0,400.0,5.5,Available
153954,LG,75QNED75SRA,LCD (LED),74.5,74,126.0,462.0,6.0,Available
153955,LG,75QNED756RA,LCD (LED),74.5,74,130.0,477.0,6.0,Available
153956,CHIQ,U85F8TG,LCD (LED),84.6,85,230.268,897.0,4.0,Available
153957,CHIQ,U98F8TG,LCD (LED),97.5,98,337.0,1233.0,4.0,Available
153978,PHILIPS,55OLED708/75,OLED,54.6,55,99.5,400.0,4.0,Available
153979,PHILIPS,65OLED708/75,OLED,64.5,64,114.8,463.0,5.0,Available
153980,KOGAN,KALED32F98TA,LCD (LED),31.5,32,28.0,104.0,6.0,Available
153981,KOGAN,KALED40F98TA,LCD (LED),39.5,40,40.0,149.0,6.0,Available
154045,SYLVOX,OT43A2KEGC,LCD (LED),42.5,42,107.8,397.0,2.0,Available
154079,SYLVOX,OT55A2KEGC,LCD (LED),54.6,55,168.3,651.0,2.0,Available
154080,SYLVOX,OT65A2KEGC,LCD (LED),64.5,64,237.1,902.0,2.0,Available
154085,SYLVOX,RT22R3KECA,LCD (LED),21.5,22,17.8,68.0,5.0,Available
154113,SYLVOX,RT24R3KECA,LCD (LED),23.8,24,21.0,79.0,5.0,Available
154150,LOEWE,WE SEE 43,LCD (LED),42.5,42,65.8,243.0,4.0,Available
154120,BLAUPUNKT,BP550USG9800,LCD (LED),54.6,55,91.788,354.0,4.5,Available
154153,LOEWE,WE SEE 32,LCD (LED),31.5,32,34.0,127.0,5.0,Available
154156,LOEWE,WE SEE 55,LCD (LED),54.6,55,84.0,309.0,5.0,Available
154162,LOEWE,WE SEE 50,LCD (LED),49.5,50,68.0,251.0,5.5,Available
152532,SAMSUNG ELECTRONICS,LH43BECHLGKXXY,LCD (LED),42.5,42,70.0,259.0,4.0,Available
152544,SAMSUNG ELECTRONICS,LH55BECHLGSXNZ,LCD (LED),54.6,55,81.0,299.0,5.5,Available
152547,SAMSUNG ELECTRONICS,LH75BECHLGKXXY,LCD (LED),74.5,74,139.0,510.0,5.5,Available
152545,SAMSUNG ELECTRONICS,LH65BECHLGKXXY,LCD (LED),64.5,64,116.0,426.0,5.0,Available
152543,SAMSUNG ELECTRONICS,LH50BECHLGKXXY,LCD (LED),49.5,50,80.0,295.0,4.5,Available
154242,BLAUPUNKT,BP650USG9900,LCD,64.5,64,234.49,858.0,2.0,Available
154394,KOGAN,KAQLED43XQ98JSTA,LCD (LED),42.5,42,90.1,353.0,2.5,Available
154395,KOGAN,KALED65U94TA,LCD (LED),64.5,64,102.9,404.0,5.5,Available
154089,HUBBL GLASS,LT043A-04-FXTL,LCD (LED),42.5,42,50.73,200.0,5.0,Available
154094,HUBBL GLASS,LT055A-04-FXTL,LCD (LED),54.6,55,64.71,240.0,6.0,Available
154403,JVC,LT-32ND35A2,LCD (LED),31.5,32,35.3,150.0,4.0,Available
154520,SAMSUNG ELECTRONICS,QA98QN990CW,LCD (LED),97.5,98,389.0,1423.0,3.5,Available
154521,SAMSUNG ELECTRONICS,QA50QE1CAS,LCD (LED),49.5,50,76.0,280.0,5.0,Available
154533,SYLVOX,RT32R3KECA,LCD (LED),31.5,32,31.4,118.0,5.0,Available
154553,TCL,40S5400A,LCD (LED),39.5,40,35.6,180.0,5.0,Available
154555,TCL,32S5400AF,LCD (LED),31.5,32,27.0,110.0,5.5,Available
154630,LG,OLED77M3PSA,OLED,76.7,77,216.0,791.0,4.0,Available
154631,LG,OLED83M3PSA,OLED,82.5,82,212.0,776.0,4.5,Available
154632,LG,OLED97M3PSA,OLED,96.5,96,258.0,944.0,5.0,Available
154657,BLAUPUNKT,BP430FSG9700,LCD (LED),42.5,42,53.5,212.0,5.0,Available
154675,KOGAN,KALED75U94TA,LCD (LED),74.5,74,137.1,546.0,5.5,Available
154681,FURRION,FDFD24D4D-H2,LCD (LED),23.8,24,25.58,96.0,4.5,Available
154692,KOGAN,KALED55U94TA,LCD (LED),54.6,55,80.814,302.0,5.5,Available
154694,KOGAN,KAQLED98XQ98JSTA,LCD (LED),97.5,98,323.0,1233.0,4.0,Available
154698,KOGAN,KALED50U94TA,LCD (LED),49.5,50,75.0,276.0,5.0,Available
154716,LG,43UM767H0LD,LCD (LED),42.5,42,43.0,159.0,6.0,Available
154717,LG,50UM767H0LD,LCD (LED),49.5,50,45.0,167.0,7.0,Available
154718,LG,55UM767H0LD,LCD (LED),54.6,55,59.0,218.0,7.0,Available
154719,LG,65UM767H0LD,LCD (LED),64.5,64,65.0,240.0,7.0,Available
154720,LG,75UM767H0LD,LCD (LED),74.5,74,70.0,258.0,8.0,Available
154727,HISENSE,55U7KAU,LCD (LED),54.6,55,82.05,339.0,5.0,Available
154728,HISENSE,65U7KAU,LCD (LED),64.5,64,109.65,459.0,5.0,Available
154729,HISENSE,75U7KAU,LCD (LED),74.5,74,157.47,612.0,5.0,Available
154730,HISENSE,85U7KAU,LCD (LED),84.6,85,217.19,859.0,4.5,Available
154747,THOMSON,STVLED43FHDB,LCD (LED),42.5,42,41.53,162.0,6.0,Available
154772,VEON,VN24W2A2023,LCD,23.7,24,22.6,90.0,4.5,Available
154784,KOGAN,KALED55R93STA,LCD (LED),54.6,55,77.8,302.0,5.5,Available
154785,KOGAN,KALED50R93STA,LCD (LED),49.5,50,69.15,276.0,5.0,Available
154887,TOSHIBA,55Z870MP,LCD (LED),54.6,55,115.82,459.0,3.5,Available
154888,TOSHIBA,65Z870MP,LCD (LED),64.5,64,129.47,520.0,4.5,Available
154889,TOSHIBA,75Z870MP,LCD (LED),74.5,74,199.04,764.0,4.0,Available
154890,SAMSUNG ELECTRONICS,QA55QE1CAS,LCD (LED),54.6,55,82.0,302.0,5.5,Available
154893,SAMSUNG ELECTRONICS,QA75QE1CAW,LCD (LED),74.5,74,130.0,478.0,6.0,Available
154899,KOGAN,KALED22F5ZA,LCD,21.5,22,25.2,95.0,3.5,Available
154908,LG,43UQ7050PSA,LCD (LED),42.5,42,74.0,273.0,3.5,Available
154990,LG,50UQ7050PSA,LCD (LED),49.5,50,83.0,305.0,4.5,Available
154991,LG,55UQ7050PSA,LCD (LED),54.6,55,90.0,331.0,5.0,Available
155004,BLAUPUNKT,BP50WOS2,LCD (LED),49.5,50,78.5,330.0,4.0,Available
155061,ENGLAON,LED24M40,LCD (LED),23.5,24,16.5,70.0,5.5,Available
155058,ENGLAON,LED24M80,LCD (LED),23.5,24,20.3,78.0,5.0,Available
155062,SAMSUNG ELECTRONICS,QA77S89CAW,LCD (LED),76.8,77,178.0,653.0,4.5,Available
155064,ENGLAON,LED24M50,LCD (LED),23.5,24,25.03,95.0,4.5,Available
155066,ENGLAON,LED32M50,LCD (LED),31.5,32,43.25,163.0,4.0,Available
155113,TOSHIBA,75Z670MP,LCD (LED),74.5,74,144.63,575.0,5.0,Available
155114,TOSHIBA,65Z670MP,LCD (LED),64.5,64,117.13,465.0,5.0,Available
155115,TOSHIBA,55Z670MP,LCD (LED),54.6,55,86.66,341.0,5.0,Available
155195,PHILIPS,32PHT6918/79,LCD (LED),31.5,32,25.7,105.0,6.0,Available
155197,PHILIPS,43PUT7908/75,LCD (LED),42.5,42,82.7,334.0,3.0,Available
155200,CHIQ,L32G7PG,LCD (LED),31.5,32,27.7,116.0,5.5,Available
155201,CHIQ,L40G7PG,LCD (LED),39.5,40,46.8,189.0,5.0,Available
155202,CHIQ,U75F8TG,LCD (LED),74.5,74,137.7,532.0,5.5,Available
153032,SAMSUNG ELECTRONICS,QA98Q80CAW,LCD (LED),97.5,98,289.0,1058.0,4.5,Available
155228,PANASONIC,TH-55MX950Z,LCD (LED),54.7,55,76.53,309.0,5.0,Available
155229,PANASONIC,TH-65MX950Z,LCD (LED),64.5,64,91.87,370.0,6.0,Available
155231,PANASONIC,TH-75MX950Z,LCD (LED),74.5,74,107.18,432.0,6.0,Available
155258,KOGAN,KALED43U94VA,LCD (LED),42.5,42,51.44,221.0,4.5,Available
155332,EKO,K70USW2,LCD,69.5,70,145.2,532.0,5.0,Available
155359,HISENSE,32A4KAU,LCD (LED),31.5,32,22.8,93.0,6.0,Available
155360,HISENSE,40A4KAU,LCD (LED),39.5,40,29.07,121.0,7.0,Available
155361,HISENSE,65U8KAU,LCD (LED),64.5,64,133.75,520.0,4.5,Available
155362,HISENSE,75U8KAU,LCD (LED),74.5,74,161.33,639.0,4.5,Available
155398,FFALCON,FF32S53,LCD (LED),31.5,32,27.0,110.0,5.5,Available
155399,FFALCON,FF40S53,LCD (LED),39.5,40,35.6,180.0,5.0,Available
155400,FFALCON,FF50U63,LCD (LED),49.5,50,50.3,204.0,6.0,Available
155401,FFALCON,FF55U63,LCD (LED),54.6,55,53.0,250.0,6.0,Available
155421,CHIQ,U43G7PG,LCD (LED),42.5,42,52.9,214.0,5.0,Available
155422,CHIQ,U50G7PG,LCD (LED),49.5,50,69.9,276.0,5.0,Available
155423,CHIQ,U55G7PG,LCD (LED),54.6,55,82.3,320.0,5.0,Available
155424,CHIQ,U58G7PG,LCD (LED),57.5,58,86.5,349.0,5.0,Available
155425,CHIQ,U65G7PG,LCD (LED),64.5,64,94.0,404.0,5.5,Available
155426,CHIQ,U65QM8VG,LCD (LED),64.5,64,158.0,579.0,4.0,Available
155477,KODAK,KD65WOS2,LCD (LED),64.5,64,95.274,367.0,6.0,Available
155480,PHILIPS,50PUT7428/79,LCD (LED),49.5,50,66.6,269.0,5.0,Available
155483,PHILIPS,65PUT7428/79,LCD (LED),64.5,64,101.3,409.0,5.5,Available
155515,KOGAN,KALED60U93NA,LCD,60.1,60,110.3,405.0,5.0,Available
155554,KONKA,KDE40RR314FANT,LCD (LED),39.5,40,44.91,189.0,5.0,Available
155556,KOGAN,KALED40R93STA,LCD (LED),39.5,40,40.0,149.0,6.0,Available
155555,KONKA,UDE55QR314FANT,LCD (LED),54.6,55,86.23,341.0,5.0,Available
155558,KONKA,KDE32RR314FANT-5,LCD (LED),31.5,32,31.51,131.0,5.0,Available
155565,TOSHIBA,85Z670MP,LCD (LED),84.6,85,240.73,975.0,4.0,Available
155568,KONKA,UDE50QR314FANT,LCD (LED),49.5,50,72.19,285.0,5.0,Available
155188,SAMSUNG ELECTRONICS,QA83S90CAE,LCD (LED),82.5,82,192.0,704.0,5.0,Available
155583,HISENSE,55U6KAU,LCD (LED),54.6,55,85.64,339.0,5.0,Available
155584,HISENSE,65U6KAU,LCD (LED),64.5,64,140.56,555.0,4.0,Available
155585,HISENSE,75U6KAU,LCD (LED),74.5,74,154.66,599.0,5.0,Available
155592,BLAUPUNKT,BP650USG9800,LCD (LED),64.5,64,141.108,540.0,4.0,Available
155594,EKO,K650UGT,LCD (LED),64.5,64,141.108,540.0,4.0,Available
155611,BLAUPUNKT,BP550USG9800,LCD (LED),54.6,55,87.678,338.0,5.0,Available
155613,EKO,K550UGT,LCD (LED),54.6,55,87.678,338.0,5.0,Available
155639,BLAUPUNKT,BP500USG9800,LCD,49.3,49,102.36,376.0,3.5,Available
155641,EKO,K240HSG,LCD,23.5,24,20.8,78.0,5.0,Available
155665,BLAUPUNKT,BP240HSG9800,LCD,23.5,24,20.94,78.0,5.0,Available
155702,PHILIPS,55PUT7428/79,LCD (LED),54.6,55,79.3,321.0,5.0,Available
155735,PHILIPS,43PUT7428/79,LCD (LED),42.5,42,80.8,327.0,3.0,Available
155824,PHILIPS,43PFT6918/79,LCD (LED),42.5,42,38.0,155.0,6.0,Available
155884,TAVICE,65DF,LCD,64.5,64,130.03,477.0,4.5,Available
155890,KODAK,KD65G11,LCD,64.2,64,94.65,358.0,6.0,Available
155912,BAUHN,ATV40FHDG-1123,LCD (LED),39.5,40,40.0,148.0,6.0,Available
155910,JVC,AV-J323142A,LCD,31.5,32,39.0,145.0,4.5,Available
155953,FFALCON,FF65U63,LCD (LED),64.5,64,73.5,327.0,6.0,Available
155955,FFALCON,FF75U63,LCD (LED),74.5,74,123.8,500.0,5.5,Available
155956,FFALCON,FF43U63,LCD (LED),42.5,42,43.6,178.0,5.5,Available
156005,SAMSUNG ELECTRONICS,QA65QE1CAW,LCD (LED),64.5,64,112.0,412.0,5.5,Available
156025,TCL,50C845,LCD (LED),49.5,50,91.4,390.0,3.5,Available
156044,EKO,K400FSG,LCD (LED),39.5,40,54.48,210.0,4.5,Available
156077,EKO,K240HGT,LCD,23.5,24,20.94,78.0,5.0,Available
156156,KOGAN,KALED65R94KA,LCD (LED),64.5,64,86.9,372.0,6.0,Available
156284,HISENSE,75UXAU,LCD (LED),74.5,74,181.25,719.0,4.0,Available
156285,HISENSE,85UXAU,LCD (LED),84.6,85,202.84,780.0,5.0,Available
156286,HISENSE,70A6KAU,LCD (LED),69.5,70,104.78,415.0,6.0,Available
156287,HISENSE,58A6KAU,LCD (LED),57.5,58,73.72,299.0,6.0,Available
156316,EKO,K320HAT,LCD (LED),31.5,32,28.86,130.0,5.0,Available
156317,LINSAR,LS86UHDNF23,LCD,85.6,86,169.97,630.0,6.0,Available
156318,SVISION,SC32HSG,LCD (LED),31.5,32,28.86,130.0,5.0,Available
156319,EKO,K240HAT,LCD (LED),23.5,24,18.72,82.0,5.0,Available
156324,JVC,AV-JQ757115A,LCD (LED),74.5,74,117.5,431.0,6.0,Available
156354,AKAI,AK6522S7TZN,LCD,64.5,64,85.2,320.0,6.0,Available
156356,EKO,K500UAT,LCD,49.5,50,66.62,246.0,5.5,Available
156367,TCL,98C845,LCD (LED),97.5,98,197.4,890.0,5.5,Available
156394,JVC,AV-J987145A,LCD (LED),98.3,98,237.4,872.0,5.5,Available
156395,PANASONIC,TH-43NX800Z,LCD (LED),42.6,43,51.888,210.0,5.0,Available
156427,PANASONIC,TH-55NX800Z,LCD (LED),54.6,55,83.91,338.0,5.0,Available
156428,PANASONIC,TH-65NX800Z,LCD,64.5,64,113.136,456.0,5.0,Available
156434,PANASONIC,TH-75NX800Z,LCD (LED),74.5,74,98.826,398.0,6.0,Available
156435,PANASONIC,TN-43W70AGZ,LCD (LED),42.6,43,42.804,173.0,6.0,Available
156436,PANASONIC,TN-50W70AGZ,LCD (LED),49.5,50,54.39,220.0,6.0,Available
156438,PANASONIC,TN-55W70AGZ,LCD (LED),54.6,55,62.358,252.0,6.0,Available
156441,PANASONIC,TN-65W70AGZ,LCD (LED),64.5,64,75.576,305.0,6.0,Available
156442,PANASONIC,TN-75W70AGZ,LCD (LED),74.5,74,102.546,413.0,6.0,Available
156443,PANASONIC,TN-85W80AGZ,LCD (LED),85.5,86,119.346,481.0,7.0,Available
150505,AKAI,AK2422S7WOS,LCD (LED),23.5,24,15.1,60.0,6.0,Available
147110,BLAUPUNKT,BP4000HDV7100,LCD,39.5,40,49.1,181.0,5.0,Available
156520,SAMSUNG ELECTRONICS,UA85CU7000S,LCD (LED),84.6,85,145.0,532.0,6.0,Available
156521,AKAI,AK3223S7WOS,LCD,31.5,32,23.5,90.0,6.0,Available
156634,BLAUPUNKT,BP750USG9800,LCD,74.2,74,221.6,811.0,3.5,Available
151606,SAMSUNG ELECTRONICS,UA43CU7000S,LCD (LED),42.5,42,70.0,259.0,4.0,Available
151613,SAMSUNG ELECTRONICS,UA65CU7000S,LCD (LED),64.5,64,116.0,426.0,5.0,Available
151615,SAMSUNG ELECTRONICS,UA75CU7000S,LCD (LED),74.5,74,139.0,510.0,5.5,Available
151607,SAMSUNG ELECTRONICS,UA50CU7000S,LCD (LED),49.5,50,80.0,295.0,4.5,Available
151610,SAMSUNG ELECTRONICS,UA55CU7000S,LCD (LED),54.6,55,81.0,299.0,5.5,Available
156641,PHILIPS,75HFL5214U/97,LCD (LED),74.5,74,99.7,450.0,6.0,Available
143036,CAIXUN,EC32T1HN,LCD (LED),31.5,32,25.92,110.0,5.5,Available
156661,JVC,LT-50NQ7145A,LCD,49.5,50,112.52,413.0,3.0,Available
156684,KOGAN,KALED40R94KA,LCD (LED),39.5,40,40.7,158.0,5.5,Available
156703,KOGAN,KALED32R94KA,LCD (LED),31.5,32,31.8,130.0,5.0,Available
156711,JVC,LT-55NQ7145A,LCD,54.6,55,126.52,464.0,3.5,Available
156712,KOGAN,KALED55R94KA,LCD (LED),54.5,54,68.9,295.0,5.5,Available
156714,KOGAN,KALED50R94KA,LCD (LED),49.5,50,66.4,285.0,5.0,Available
156801,BLAUPUNKT,BP650USG9800,LCD (LED),64.5,64,139.758,520.0,4.5,Available
156803,EKO,K650UGT,LCD (LED),64.5,64,139.758,520.0,4.5,Available
156804,EKO,K55USWQ2,LCD,54.6,55,102.7,378.0,4.5,Available
156819,KONKA,KUD65WT703AN,LCD (LED),64.5,64,119.01,459.0,5.0,Available
156806,SYLVOX,OT75A2KEGC,LCD (LED),74.5,74,306.7,1122.0,2.0,Available
156855,LG,43UM662H0LC,LCD (LED),42.5,42,36.0,134.0,7.0,Available
156856,LG,50UM662H0LC,LCD (LED),49.5,50,40.0,149.0,7.0,Available
156857,LG,55UM662H0LC,LCD (LED),54.6,55,49.0,181.0,7.0,Available
156858,LG,65UM662H0LC,LCD (LED),64.5,64,56.0,207.0,8.0,Available
156888,PRISM+,Q75U,LCD (LED),74.5,74,165.8,670.0,4.5,Available
153057,EKO,K65USW,LCD (LED),64.5,64,154.08,581.0,4.0,Available
157100,KOGAN,KAL24DH5300QA,LCD (LED),23.8,24,25.83,110.0,3.5,Available
157104,EKO,K42FSW3,LCD (LED),41.5,42,55.82,230.0,4.0,Available
157105,BLAUPUNKT,BP420FSG9700,LCD (LED),41.5,42,53.38,240.0,4.0,Available
157108,EKO,K50USW3,LCD (LED),49.5,50,94.37,400.0,3.0,Available
157109,BLAUPUNKT,BP500USG9700,LCD (LED),49.5,50,97.68,460.0,2.5,Available
157113,EKO,K320HATTA,LCD (LED),31.5,32,24.687,130.0,5.0,Available
157119,KOGAN,KAQL50W94QA,LCD (LED),49.5,50,94.01,415.0,3.0,Available
157120,KOGAN,KAQL55W94QA,LCD (LED),54.6,55,109.19,468.0,3.5,Available
157121,KOGAN,KAQL65W94QA,LCD (LED),64.5,64,134.93,543.0,4.0,Available
157122,KOGAN,KAQL75W94QA,LCD (LED),74.5,74,159.15,772.0,3.5,Available
157176,SAMSUNG ELECTRONICS,HG50CU700AW,LCD (LED),49.5,50,80.0,295.0,4.5,Available
157177,SAMSUNG ELECTRONICS,HG55CU700AW,LCD (LED),54.6,55,81.0,299.0,5.5,Available
157180,JVC,LT-32N3115A11N,LCD,31.5,32,29.22,108.0,5.5,Available
154241,EKO,K650USGQ2,LCD,64.5,64,234.49,858.0,2.0,Available
157231,LINSAR,LS70UHDNF,LCD (LED),69.5,70,107.4,395.0,6.0,Available
157250,BLAUPUNKT,BP750USG9700,LCD (LED),74.5,74,160.5,656.0,4.5,Available
157291,SAMSUNG ELECTRONICS,HG43CU700AW,LCD (LED),42.5,42,70.0,259.0,4.0,Available
157297,SAMSUNG ELECTRONICS,HG65CU700AW,LCD (LED),64.5,64,126.0,463.0,5.0,Available
157322,LINSAR,LS65UHDZEN,LCD,64.5,64,85.2,320.0,6.0,Available
157446,SAMSUNG ELECTRONICS,HG75CU700AW,LCD (LED),74.5,74,143.0,525.0,5.5,Available
157472,KOGAN,KALED40F98VA,LCD (LED),39.5,40,54.48,210.0,4.5,Available
157544,ENGLAON,LED27M80,LCD (LED),27.0,27,42.76,158.0,3.0,Available
157581,EKO,K75USW2,LCD (LED),74.5,74,186.3,682.0,4.5,Available
157567,BLAUPUNKT,BP75WOS,LCD (LED),74.5,74,186.3,682.0,4.5,Available
157590,BLAUPUNKT,BP700USG9700,LCD,69.5,70,153.11,561.0,4.5,Available
157597,JVC,LT-70N7145A,LCD (LED),69.5,70,116.74,470.0,5.5,Available
157676,KOGAN,KALED32R98VA,LCD (LED),31.5,32,28.86,145.0,4.5,Available
157684,KONKA,KDG40RT680AN2,LCD (LED),39.5,40,32.247,126.0,6.0,Available
157699,KOGAN,KAQL65XQ98GSTA,LCD (LED),64.5,64,195.5,809.0,2.5,Available
157732,LINSAR,LS50UHDNF23,LCD (LED),50.1,50,57.06,210.0,6.0,Available
157736,JVC,LT-40N5115A11E,LCD (LED),39.5,40,54.48,210.0,4.5,Available
157749,EKO,K320HGT,LCD (LED),31.5,32,31.626,125.0,5.0,Available
157752,BLAUPUNKT,BP320HSG9800,LCD (LED),31.5,32,31.626,125.0,5.0,Available
157754,LINSAR,LS55UHDNF23,LCD (LED),54.6,55,69.65,256.0,6.0,Available
157755,LINSAR,LS60UHDNF23,LCD,60.1,60,85.97,316.0,6.0,Available
157756,LINSAR,LS65UHDNF23,LCD (LED),64.9,65,95.92,352.0,6.0,Available
157757,LINSAR,LS70UHDNF23,LCD (LED),69.5,70,99.18,364.0,6.0,Available
157771,EKO,K400FGT,LCD (LED),39.5,40,46.5216,183.0,5.0,Available
157772,BLAUPUNKT,BP400FSG9800,LCD (LED),39.5,40,46.5216,183.0,5.0,Available
157773,JVC,AV-H437115A11N,LCD,42.5,42,57.474,212.0,5.0,Available
157776,JVC,AV-H323115A11N,LCD,31.5,32,29.22,108.0,5.5,Available
157788,KOGAN,KAQL75W94QA,LCD (LED),74.5,74,187.1,690.0,4.0,Available
157789,KOGAN,KAQL65W94QA,LCD (LED),64.5,64,150.64,560.0,4.0,Available
157792,VEON,VN43ID7023,LCD (LED),42.5,42,57.65,212.0,5.0,Available
157838,JVC,LT-55NQ7145AN,LCD,54.6,55,97.36,358.0,4.5,Available
157956,JVC,LT-43N5135AN,LCD,42.5,42,53.26,196.0,5.0,Available
157958,SONY,K-50S30,LCD (LED),49.5,50,83.3,310.0,4.5,Available
157965,JVC,LT-50NQ7145AN,LCD,49.5,50,110.72,407.0,3.0,Available
157967,KOGAN,KAQL55W94QA,LCD (LED),54.6,55,111.7,427.0,4.0,Available
157994,SAMSUNG ELECTRONICS,QA75QN90DAW,LCD (LED),74.5,74,157.0,576.0,5.0,Available
158053,BAUHN,ATV24HDW-0224,LCD,23.5,24,15.1,66.0,6.0,Available
158063,KOGAN,KAL24DH5300QA,LCD (LED),23.8,24,25.23,96.0,4.5,Available
158082,KOGAN,KAQL50W94QA,LCD (LED),49.5,50,101.23,398.0,3.5,Available
157859,BAUHN,ATV55UHDW-0124,LCD (LED),54.6,55,73.991,272.0,6.0,Available
158097,EKO,K420FAT,LCD (LED),41.5,42,53.38,240.0,4.0,Available
157758,BAUHN,ATV40UHDW-0124,LCD (LED),40.0,40,51.2,189.0,5.0,Available
158143,SYLVOX,BT24A1KEGB,LCD (LED),23.8,24,17.14,65.0,6.0,Available
158147,KOGAN,KAQL98XQ98GSTA,LCD (LED),97.5,98,297.5,1233.0,4.0,Available
158162,SAMSUNG ELECTRONICS,QA65QN800DW,LCD (LED),64.5,64,262.0,959.0,1.5,Available
158163,SAMSUNG ELECTRONICS,QA75QN800DW,LCD (LED),74.5,74,269.0,985.0,2.5,Available
158165,SAMSUNG ELECTRONICS,QA85QN90DAW,LCD (LED),84.6,85,211.0,773.0,5.0,Available
158176,LG,43QNED80T6A,LCD (LED),42.5,42,67.0,247.0,4.0,Available
158177,LG,43QNED81TSA,LCD (LED),42.5,42,67.0,247.0,4.0,Available
158180,LG,50QNED81TSA,LCD (LED),49.5,50,72.0,265.0,5.0,Available
158182,LG,55QNED81TSA,LCD (LED),54.6,55,92.0,338.0,5.0,Available
158183,LG,55QNED86T6A,LCD (LED),54.6,55,94.0,346.0,4.5,Available
158184,LG,55QNED86TSA,LCD (LED),54.6,55,94.0,346.0,4.5,Available
158185,LG,65QNED80T6A,LCD (LED),64.5,64,109.0,400.0,5.5,Available
158186,LG,65QNED81TSA,LCD (LED),64.5,64,109.0,400.0,5.5,Available
158188,LG,75QNED80T6A,LCD (LED),74.5,74,126.0,462.0,6.0,Available
158189,LG,75QNED81TSA,LCD (LED),74.5,74,126.0,462.0,6.0,Available
158190,LG,OLED42C4PSA,OLED,41.5,42,70.0,258.0,4.0,Available
158192,LG,OLED42C44LA,OLED,41.5,42,70.0,258.0,4.0,Available
158193,LG,OLED48C4PSA,OLED,47.5,48,79.0,291.0,4.5,Available
158194,LG,OLED48C46LA,OLED,47.5,48,79.0,291.0,4.5,Available
158195,LG,OLED55C4PSA,OLED,54.6,55,100.0,368.0,4.5,Available
158196,LG,OLED55C46LA,OLED,54.6,55,100.0,368.0,4.5,Available
158197,LG,OLED55G4PSA,OLED,54.6,55,115.0,422.0,4.0,Available
158198,LG,OLED55G46LA,OLED,54.6,55,115.0,422.0,4.0,Available
158199,LG,OLED65B4PSA,OLED,64.5,64,109.0,400.0,5.5,Available
158200,LG,OLED65B46LA,OLED,64.5,64,109.0,400.0,5.5,Available
158201,LG,OLED65G4PSA,OLED,64.5,64,147.0,539.0,4.0,Available
158202,LG,OLED65G46LA,OLED,64.5,64,147.0,539.0,4.0,Available
158203,LG,OLED77G4PSA,OLED,76.7,77,195.0,714.0,4.5,Available
158204,LG,OLED77G46LA,OLED,76.7,77,195.0,714.0,4.5,Available
158218,EKO,K500UAT,LCD (LED),49.5,50,91.8,381.0,3.5,Available
158220,SAMSUNG ELECTRONICS,QA55QN90DAW,LCD (LED),54.6,55,114.0,419.0,4.0,Available
158222,SAMSUNG ELECTRONICS,QA65QN90DAW,LCD (LED),66.6,67,138.0,507.0,4.5,Available
158236,KOGAN,KAQL50XQ98GSVA,LCD (LED),49.5,50,104.46,396.0,3.5,Available
158237,KOGAN,KAQL55XQ98GSVA,LCD (LED),54.6,55,127.86,475.0,3.5,Available
158242,SYLVOX,BT32A0KEGB,LCD (LED),31.5,32,27.0,101.0,6.0,Available
158245,JVC,LT-40N7145A,LCD (LED),40.0,40,64.06,259.0,3.5,Available
153945,EKO,K55USWQ,LCD (LED),54.6,55,117.3,470.0,3.5,Available
146150,EKO,K320HSG,LCD (LED),31.5,32,34.4,151.0,4.0,Available
158252,LINSAR,LS32HDNF23,LCD,31.5,32,23.8,89.0,6.0,Available
146104,EKO,K240HSG,LCD (LED),23.5,24,27.3,110.0,3.5,Available
158250,SAMSUNG ELECTRONICS,QA43QN90DAW,LCD (LED),42.5,42,63.0,233.0,4.5,Available
158256,AKAI,AK3223S7WOS,LCD,31.5,32,23.8,89.0,6.0,Available
158312,JVC,JVG518623Q,LCD (LED),85.5,86,212.0,815.0,4.5,Available
158314,BAUHN,ATV75UHDW-0324,LCD (LED),74.5,74,117.61,474.0,6.0,Available
158329,SONY,K-55XR70,LCD (LED),54.6,55,148.0,547.0,2.5,Available
158330,SONY,K-65XR70,LCD (LED),64.5,64,171.9,634.0,3.5,Available
158336,LG,50QNED80T6A,LCD (LED),49.5,50,68.0,251.0,5.5,Available
158337,LG,55QNED80T6A,LCD (LED),54.6,55,87.0,320.0,5.0,Available
158394,KOGAN,KALED42F98TA,LCD (LED),41.5,42,39.8,163.0,6.0,Available
158395,KOGAN,KALED24R98TA,LCD (LED),23.5,24,16.2,67.0,6.0,Available
158416,SAMSUNG ELECTRONICS,QA98QN90DAW,LCD (LED),97.5,98,256.0,937.0,5.0,Available
158421,SAMSUNG ELECTRONICS,QA55S90DAW,LCD (LED),54.6,55,112.0,412.0,4.0,Available
158422,SAMSUNG ELECTRONICS,QA65QN85DBW,LCD (LED),64.5,64,134.0,492.0,4.5,Available
158428,VDT,LEW22BA43,LCD (LED),21.5,22,20.64,78.0,4.5,Available
158476,SAMSUNG ELECTRONICS,QA65QN80DAW,LCD (LED),64.5,64,134.0,492.0,4.5,Available
158484,LOEWE,BILD i77,OLED,76.4,76,107.8,395.0,7.0,Available
158506,HISENSE,100U7KAU,LCD (LED),99.5,100,241.58,955.0,5.5,Available
158508,SONY,K-43S30,LCD (LED),42.5,42,63.2,236.0,4.5,Available
158538,JVC,LT-32N3115A11E,LCD (LED),31.5,32,28.86,130.0,5.0,Available
158544,JVC,LT-43N5135AE,LCD (LED),42.5,42,39.24,229.0,4.5,Available
157991,SAMSUNG ELECTRONICS,QA75Q60DAW,LCD (LED),74.5,74,112.0,412.0,6.0,Available
157987,SAMSUNG ELECTRONICS,QA55Q60DAW,LCD (LED),54.6,55,74.0,273.0,6.0,Available
157986,SAMSUNG ELECTRONICS,QA50Q60DAS,LCD (LED),49.5,50,66.0,244.0,5.5,Available
157993,SAMSUNG ELECTRONICS,QA85Q60DAW,LCD (LED),84.6,85,142.0,521.0,6.0,Available
157989,SAMSUNG ELECTRONICS,QA65Q60DAW,LCD (LED),64.5,64,86.0,317.0,6.0,Available
157984,SAMSUNG ELECTRONICS,QA43Q60DAS,LCD (LED),42.5,42,64.0,237.0,4.5,Available
158602,SAMSUNG ELECTRONICS,QA50QN90DAW,LCD (LED),49.5,50,81.0,299.0,4.5,Available
158722,SONY,K-75XR70,LCD (LED),74.5,74,200.3,737.0,4.0,Available
158724,SONY,K-85XR70,LCD (LED),84.6,85,227.9,838.0,4.5,Available
158741,SAMSUNG ELECTRONICS,QA85QN800DW,LCD (LED),84.6,85,294.0,1076.0,3.5,Available
158742,SAMSUNG ELECTRONICS,UA85DU8000W,LCD (LED),84.6,85,195.0,715.0,5.0,Available
158743,SAMSUNG ELECTRONICS,QA55Q80DAW,LCD (LED),54.6,55,108.0,397.0,4.0,Available
158744,SAMSUNG ELECTRONICS,QA85Q70DAW,LCD (LED),84.6,85,200.0,733.0,5.0,Available
158746,SAMSUNG ELECTRONICS,QA77S95DAW,LCD (LED),76.8,77,216.0,791.0,4.0,Available
158750,KOGAN,KALED50U94VA,LCD (LED),49.5,50,47.3,210.0,6.0,Available
158767,KOGAN,KALED43F98VA,LCD (LED),42.5,42,39.24,229.0,4.5,Available
158836,LG,43UT8050PSB,LCD (LED),42.5,42,70.0,258.0,4.0,Available
158837,LG,43UT80506LA,LCD (LED),42.5,42,73.0,269.0,4.0,Available
158838,LG,43UT81006LA,LCD (LED),42.5,42,73.0,269.0,4.0,Available
158839,LG,50UT8050PSB,LCD (LED),49.5,50,83.0,305.0,4.5,Available
158840,LG,50UT80506LA,LCD (LED),49.5,50,83.0,305.0,4.5,Available
158841,LG,50UT81006LA,LCD (LED),49.5,50,83.0,305.0,4.5,Available
158842,LG,55UT8050PSB,LCD (LED),54.6,55,97.0,357.0,4.5,Available
158843,LG,55UT80506LA,LCD (LED),54.6,55,97.0,357.0,4.5,Available
158844,LG,55UT81006LA,LCD (LED),54.6,55,97.0,357.0,4.5,Available
158845,LG,65UT8050PSB,LCD (LED),64.5,64,120.0,441.0,5.0,Available
158846,LG,65UT80506LA,LCD (LED),64.5,64,120.0,441.0,5.0,Available
158847,LG,65UT81006LA,LCD (LED),64.5,64,120.0,441.0,5.0,Available
158848,LG,75UT8050PSB,LCD (LED),74.5,74,165.0,605.0,5.0,Available
158849,LG,75UT81006LA,LCD (LED),74.5,74,165.0,605.0,5.0,Available
158851,LG,86UT8050PSB,LCD (LED),85.6,86,212.0,776.0,5.0,Available
158852,LG,86UT80506LA,LCD (LED),85.6,86,212.0,776.0,5.0,Available
158853,LG,86UT81006LA,LCD (LED),85.6,86,212.0,776.0,5.0,Available
158854,LG,50QNED86TSA,LCD (LED),49.5,50,80.0,295.0,4.5,Available
158855,LG,65QNED86TSA,LCD (LED),64.5,64,118.0,433.0,5.0,Available
158856,LG,65QNED91TSA,LCD (LED),64.5,64,125.0,459.0,5.0,Available
158857,LG,75QNED86TSA,LCD (LED),74.5,74,134.0,492.0,5.5,Available
158858,LG,75QNED91TSA,LCD (LED),74.5,74,150.0,550.0,5.0,Available
158859,LG,86QNED91TSA,LCD (LED),85.6,86,206.0,754.0,5.0,Available
158860,LG,OLED48B46LA,OLED,47.5,48,78.0,287.0,4.5,Available
158861,LG,OLED55B4PSA,OLED,54.6,55,92.0,338.0,5.0,Available
158862,LG,OLED55B46LA,OLED,54.6,55,92.0,338.0,5.0,Available
158863,LG,OLED65C4PSA,OLED,64.5,64,122.0,448.0,5.0,Available
158864,LG,OLED77B4PSA,OLED,76.7,77,143.0,524.0,5.5,Available
158865,LG,OLED77C4PSA,OLED,76.7,77,154.0,565.0,5.5,Available
158866,LG,OLED83G4PSA,OLED,82.5,82,217.0,795.0,4.5,Available
158870,AKAI,AK7523S7WOS,LCD (LED),74.5,74,117.61,474.0,6.0,Available
158914,EKO,K32HSW2,LCD (LED),31.5,32,34.8,131.0,5.0,Available
158915,Q.BELL,QT32WY8A,LCD (LED),31.5,32,34.8,131.0,5.0,Available
158932,LG,50QNED86T6A,LCD (LED),49.5,50,80.0,295.0,4.5,Available
158934,LG,65QNED86T6A,LCD (LED),64.5,64,118.0,433.0,5.0,Available
158935,LG,65QNED91T6A,LCD (LED),64.5,64,125.0,459.0,5.0,Available
158936,LG,86QNED86T6A,LCD (LED),85.6,86,156.0,572.0,6.0,Available
158937,LG,86QNED86TSA,LCD (LED),85.6,86,156.0,572.0,6.0,Available
158938,LG,86QNED91T6A,LCD (LED),85.6,86,206.0,754.0,5.0,Available
158939,LG,OLED65C46LA,OLED,64.5,64,122.0,448.0,5.0,Available
158940,TCL,85X925 PRO,LCD (LED),84.6,85,408.9,1645.0,1.5,Available
158941,LG,OLED77B46LA,OLED,76.7,77,143.0,524.0,5.5,Available
158942,LG,OLED77C46LA,OLED,76.7,77,154.0,565.0,5.5,Available
158943,LG,OLED83G46LA,OLED,82.5,82,217.0,795.0,4.5,Available
158944,LG,75QNED86T6A,LCD (LED),74.5,74,134.0,492.0,5.5,Available
158949,LG,75QNED91T6A,LCD (LED),74.5,74,150.0,550.0,5.0,Available
158971,SAMSUNG ELECTRONICS,QA75Q80DAW,LCD (LED),74.5,74,198.0,726.0,4.0,Available
158972,SAMSUNG ELECTRONICS,QA85Q80DAW,LCD (LED),84.6,85,258.0,945.0,4.0,Available
158973,SAMSUNG ELECTRONICS,QA65Q80DAW,LCD (LED),64.5,64,147.0,540.0,4.0,Available
158974,SAMSUNG ELECTRONICS,QA50Q80DAW,LCD (LED),49.5,50,82.0,302.0,4.5,Available
158975,SAMSUNG ELECTRONICS,QA65S90DAW,LCD (LED),64.5,64,146.0,536.0,4.0,Available
158976,SAMSUNG ELECTRONICS,QA65S95DAW,LCD (LED),64.5,64,153.0,562.0,4.0,Available
158980,SAMSUNG ELECTRONICS,QA55S95DAW,LCD (LED),54.6,55,110.0,405.0,4.0,Available
158984,SAMSUNG ELECTRONICS,QA55Q70DAW,LCD (LED),54.6,55,108.0,397.0,4.0,Available
158985,SAMSUNG ELECTRONICS,QA65Q70DAW,LCD (LED),64.5,64,142.0,521.0,4.0,Available
158986,SAMSUNG ELECTRONICS,QA75Q70DAW,LCD (LED),74.5,74,157.0,576.0,5.0,Available
159005,SAMSUNG ELECTRONICS,QA55QE1DAS,LCD (LED),54.6,55,78.0,288.0,5.5,Available
159007,SAMSUNG ELECTRONICS,QA43LS03DAW,LCD (LED),42.5,42,92.0,339.0,3.0,Available
159010,SAMSUNG ELECTRONICS,QA75QN900DW,LCD (LED),74.5,74,286.0,1047.0,2.5,Available
159034,SAMSUNG ELECTRONICS,QA55QN85DBW,LCD (LED),54.6,55,112.0,412.0,4.0,Available
159036,SAMSUNG ELECTRONICS,QA55QN87DAW,LCD (LED),54.6,55,109.0,401.0,4.0,Available
159044,SAMSUNG ELECTRONICS,QA50LS03DAW,LCD (LED),49.5,50,93.0,343.0,4.0,Available
159051,SAMSUNG ELECTRONICS,QA55LS03DAW,LCD (LED),54.6,55,119.0,437.0,3.5,Available
159052,SAMSUNG ELECTRONICS,QA65LS03DAW,LCD (LED),64.5,64,154.0,565.0,4.0,Available
159054,SAMSUNG ELECTRONICS,QA75LS03DAW,LCD (LED),74.5,74,190.0,697.0,4.0,Available
159075,SAMSUNG ELECTRONICS,QA65QN900DW,LCD (LED),64.5,64,260.0,952.0,1.5,Available
159076,SAMSUNG ELECTRONICS,QA85LS03DAW,LCD (LED),84.6,85,220.0,806.0,4.5,Available
159090,LG,43NANO81TSA,LCD (LED),42.5,42,70.0,258.0,4.0,Available
159093,LG,50NANO81TSA,LCD (LED),49.5,50,90.0,331.0,4.0,Available
159095,LG,55NANO81TSA,LCD (LED),54.6,55,112.0,411.0,4.0,Available
159098,LG,65NANO81TSA,LCD (LED),64.5,64,144.0,528.0,4.0,Available
159102,LG,75NANO81TSA,LCD (LED),74.5,74,181.0,663.0,4.5,Available
159106,LG,86NANO81TSA,LCD (LED),85.6,86,250.0,915.0,4.0,Available
159109,LG,86QNED80T6A,LCD (LED),85.6,86,154.0,565.0,6.0,Available
159111,LG,86QNED81TSA,LCD (LED),85.6,86,154.0,565.0,6.0,Available
159112,LG,OLED83C4PSA,OLED,82.5,82,193.0,707.0,5.0,Available
159113,LG,OLED83C46LA,OLED,82.5,82,193.0,707.0,5.0,Available
159127,SAMSUNG ELECTRONICS,QA85QN87DAW,LCD (LED),84.6,85,192.0,704.0,5.0,Available
159131,SAMSUNG ELECTRONICS,QA75QN87DAW,LCD (LED),74.5,74,144.0,529.0,5.5,Available
159153,SONY,K-55S30,LCD (LED),54.6,55,119.0,440.0,3.5,Available
159152,SONY,K-65S30,LCD (LED),64.5,64,140.0,517.0,4.5,Available
159160,SAMSUNG ELECTRONICS,QA75QN85DBW,LCD (LED),74.5,74,178.0,653.0,4.5,Available
159164,SAMSUNG ELECTRONICS,QA85QN85DBW,LCD (LED),84.6,85,215.0,788.0,4.5,Available
159165,DYNALINK,S 8866,LCD,23.6,24,19.8,76.0,5.5,Available
159173,TECO,LED65AUSRC,LCD (LED),64.5,64,94.0,404.0,5.5,Available
159179,AIWA,AW240DVD,LCD,23.6,24,24.2,91.0,4.5,Available
159188,Q.BELL,QT50WX8A,LCD (LED),49.5,50,83.3,317.0,4.5,Available
159228,SAMSUNG ELECTRONICS,QA75QE1DAW,LCD (LED),74.5,74,124.0,456.0,6.0,Available
159229,SAMSUNG ELECTRONICS,QA85QE1DAS,LCD (LED),84.6,85,172.0,631.0,5.5,Available
159230,SAMSUNG ELECTRONICS,UA65DU7000S,LCD (LED),64.5,64,114.0,419.0,5.0,Available
159232,SAMSUNG ELECTRONICS,UA75DU7000S,LCD (LED),74.5,74,137.0,503.0,5.5,Available
159233,HISENSE,75U7NAU,LCD (LED),74.5,74,156.29,659.0,4.5,Available
159234,HISENSE,65U7NAU,LCD (LED),64.5,64,110.54,464.0,5.0,Available
159235,HISENSE,55U7NAU,LCD (LED),54.6,55,91.26,381.0,4.5,Available
159237,BAUHN,ATV50UHDW-0424,LCD (LED),50.1,50,57.06,210.0,6.0,Available
159231,SAMSUNG ELECTRONICS,UA85DU7000S,LCD (LED),84.6,85,143.0,525.0,6.0,Available
159275,KOGAN,KAQL85W94QA,LCD (LED),84.6,85,292.93,1090.0,3.5,Available
159286,SAMSUNG ELECTRONICS,QA55QN80DAW,LCD (LED),54.6,55,109.0,401.0,4.0,Available
159287,SONY,K-75S30,LCD (LED),74.5,74,179.2,660.0,4.5,Available
159288,SAMSUNG ELECTRONICS,QA65QN87DAW,LCD (LED),64.5,64,130.0,478.0,4.5,Available
159289,SONY,K-85S30,LCD (LED),84.6,85,229.8,845.0,4.5,Available
159290,SAMSUNG ELECTRONICS,QA85QN900DW,LCD (LED),84.6,85,338.0,1237.0,2.5,Available
159305,EKO,K42FSW3,LCD,41.5,42,53.12,205.0,5.0,Available
159315,SONY,K-85XR90,LCD (LED),84.6,85,272.5,1002.0,3.5,Available
159318,SONY,K-75XR90,LCD (LED),74.5,74,238.4,878.0,3.0,Available
159321,SAMSUNG ELECTRONICS,UA75DU8000W,LCD (LED),74.5,74,163.0,598.0,5.0,Available
159326,KOGAN,KALED24DH65NA,LCD,23.6,24,25.3,94.0,4.5,Available
159333,SAMSUNG ELECTRONICS,QA50QE1DAS,LCD (LED),49.5,50,73.0,270.0,5.0,Available
159338,KOGAN,KALED24D95SNA,LCD,23.6,24,22.1,83.0,5.0,Available
159389,S VISION,SVU550WOS,LCD (LED),55.2,55,103.3,379.0,4.5,Available
159406,CHIQ,U85F8TG,LCD (LED),84.6,85,248.9,974.0,4.0,Available
159420,EKO,K650UGT,LCD (LED),64.5,64,143.934,554.0,4.0,Available
159490,KOGAN,KALED32D95SNA,LCD,31.5,32,35.2,131.0,5.0,Available
159494,BLAUPUNKT,BP3200HDV8100,LCD (LED),31.5,32,35.8,133.0,4.5,Available
159510,SAMSUNG ELECTRONICS,QA48S90DAE,LCD (LED),47.5,48,80.0,295.0,4.5,Available
159526,EKO,K750UGT,LCD,74.5,74,204.81,811.0,3.5,Available
159529,EKO,K700UGT,LCD,69.5,70,161.454,592.0,4.5,Available
159535,LG,55LX1T6LA,OLED,54.6,55,100.0,368.0,4.5,Available
159537,LG,55LX1TPSA,OLED,54.6,55,100.0,368.0,4.5,Available
159538,LG,OLED97G46LA,OLED,96.5,96,219.0,802.0,6.0,Available
158415,SAMSUNG ELECTRONICS,UA65DU8000W,LCD (LED),64.5,64,122.0,448.0,5.0,Available
158085,SAMSUNG ELECTRONICS,UA43DU8000W,LCD (LED),42.5,42,71.0,262.0,4.0,Available
159037,SAMSUNG ELECTRONICS,UA55DU7000S,LCD (LED),54.6,55,79.0,291.0,5.5,Available
159059,SAMSUNG ELECTRONICS,UA50DU7000S,LCD (LED),49.5,50,71.0,262.0,5.0,Available
158216,SAMSUNG ELECTRONICS,UA55DU8000W,LCD (LED),54.6,55,97.0,357.0,4.5,Available
159579,KOGAN,KAQL85XQ98GSTA,LCD (LED),84.6,85,250.7,974.0,4.0,Available
159584,KOGAN,KAQL75XQ98GSTA,LCD (LED),74.5,74,172.1,681.0,4.5,Available
158215,SAMSUNG ELECTRONICS,UA50DU8000W,LCD (LED),49.5,50,83.0,306.0,4.5,Available
159665,TECO,LED58AUSRC,LCD (LED),57.5,58,86.5,349.0,5.0,Available
159666,TECO,LED43AUSRC,LCD (LED),42.5,42,52.9,214.0,5.0,Available
159706,AIWA,AWS400G,LCD,39.5,40,46.8,189.0,5.0,Available
159710,AIWA,AWS650G,LCD,64.5,64,90.1,404.0,5.5,Available
159741,KOGAN,KAQL70W94QA,LCD (LED),69.5,70,142.43,538.0,5.0,Available
159742,SAMSUNG ELECTRONICS,UA98DU9000W,LCD (LED),97.5,98,332.0,1215.0,4.0,Available
159751,EKO,K500UGT,LCD,49.5,50,96.56,376.0,3.5,Available
159778,KOGAN,KAQL43XQ98GSVA,LCD (LED),42.5,42,87.66,338.0,3.0,Available
159790,EKO,K650UGT2,LCD (LED),64.5,64,132.27,511.0,4.5,Available
159792,TCL,43C655,LCD (LED),42.5,42,58.2,240.0,4.5,Available
159804,LINSAR,LS40FHDNF23,LCD (LED),39.5,40,38.946,144.0,6.0,Available
159811,TCL,50C655,LCD (LED),49.5,50,58.4,300.0,4.5,Available
159820,TCL,55C655,LCD (LED),54.6,55,86.9,367.0,4.5,Available
159827,TCL,65C655,LCD (LED),64.5,64,106.6,440.0,5.0,Available
159828,TCL,75C655,LCD (LED),74.5,74,122.0,515.0,5.5,Available
159830,TCL,65C855,LCD (LED),64.5,64,176.1,716.0,3.0,Available
159832,TCL,75C855,LCD (LED),74.5,74,208.1,925.0,3.0,Available
159833,TCL,85C855,LCD (LED),84.6,85,212.4,940.0,4.0,Available
159846,TCL,98C855,LCD (LED),97.5,98,191.2,853.0,5.5,Available
159848,FFALCON,FF43U64,LCD (LED),42.5,42,41.8,170.0,6.0,Available
159849,FFALCON,FF50U64,LCD (LED),49.5,50,49.2,200.0,6.0,Available
159850,FFALCON,FF55U64,LCD (LED),54.6,55,58.4,240.0,6.0,Available
159851,FFALCON,FF65U64,LCD (LED),64.5,64,77.6,350.0,6.0,Available
159853,FFALCON,FF75U64,LCD (LED),74.5,74,111.2,460.0,6.0,Available
159857,LG,98QNED89TSA,LCD (LED),97.5,98,245.5,999.0,5.0,Available
159858,SAMSUNG ELECTRONICS,QA77S90DAE,LCD (LED),76.7,77,175.0,642.0,5.0,Available
159864,SAMSUNG ELECTRONICS,QA83S90DAE,LCD (LED),82.5,82,217.0,795.0,4.5,Available
159896,SONY,K-55XR80,OLED,54.6,55,100.0,372.0,4.5,Available
159898,SONY,K-65XR80,OLED,64.5,64,117.9,437.0,5.0,Available
159901,LG,OLED65M46LA,OLED,64.5,64,172.0,630.0,3.5,Available
159902,LG,OLED77M46LA,OLED,76.7,77,220.0,806.0,4.0,Available
159903,LG,OLED83M46LA,OLED,82.5,82,242.0,886.0,4.0,Available
159904,LG,OLED97G4PSA,OLED,96.5,96,219.0,802.0,6.0,Available
159905,LG,OLED97M4PSA,OLED,96.5,96,244.0,893.0,5.5,Available
159906,LG,OLED97M46LA,OLED,96.5,96,244.0,893.0,5.5,Available
156535,EKO,K550UGT,LCD,54.6,55,94.96,349.0,4.5,Available
159914,TCL,50C755,LCD (LED),49.5,50,91.4,390.0,3.5,Available
159916,TCL,55C755,LCD (LED),54.6,55,89.1,381.0,4.5,Available
159918,TCL,65C755,LCD (LED),64.5,64,105.7,440.0,5.0,Available
159919,TCL,75C755,LCD (LED),74.5,74,134.6,550.0,5.0,Available
159920,TCL,85C755,LCD (LED),84.6,85,148.2,660.0,5.5,Available
159921,TCL,98C755,LCD (LED),97.5,98,197.4,890.0,5.5,Available
159933,SONY,K-77XR80,OLED,76.7,77,152.2,562.0,5.5,Available
159961,TCL,98C655,LCD (LED),97.5,98,226.0,909.0,5.5,Available
159962,LG,43UR761H0TA,LCD (LED),42.5,42,67.0,247.0,4.0,Available
159963,LG,43UT90506LB,LCD (LED),42.5,42,67.0,247.0,4.0,Available
159964,LG,50UT90506LB,LCD (LED),49.5,50,68.0,251.0,5.5,Available
159965,LG,55UT90506LB,LCD (LED),54.6,55,91.0,335.0,5.0,Available
159966,LG,65UT90506LB,LCD (LED),64.5,64,114.0,419.0,5.0,Available
159967,LG,75UT90506LB,LCD (LED),74.5,74,126.0,462.0,6.0,Available
160037,BLAUPUNKT,BP2400HDV7100,LCD,23.8,24,25.3,94.0,4.5,Available
160039,BLAUPUNKT,BP24WOSDVD,LCD,23.8,24,28.7,107.0,4.0,Available
160040,BLAUPUNKT,BP650USG9800,LCD,64.2,64,94.65,358.0,6.0,Available
160051,BAUHN,ATV60UHDW-0824,LCD,60.1,60,81.288,299.0,6.0,Available
160009,YOKOHAMA,YTV240Z,LCD (LED),23.5,24,20.24,76.0,5.5,Available
160101,KOGAN,KAQL55W94QB,LCD (LED),54.6,55,111.7,427.0,4.0,Available
160102,KOGAN,KAQL65W94QB,LCD (LED),64.5,64,150.64,560.0,4.0,Available
160103,KOGAN,KAQL75W94QB,LCD (LED),74.5,74,187.1,690.0,4.0,Available
160104,KOGAN,KAQL50W94QB,LCD (LED),49.5,50,101.23,398.0,3.5,Available
160109,AIWA,AWS650W,LCD (LED),64.5,64,115.94,468.0,4.5,Available
160114,JVC,LT-50N7145AE,LCD (LED),49.5,50,47.5,210.0,6.0,Available
160117,THOMSON,STVLED43FHD-W,LCD (LED),42.5,42,49.14,194.0,5.5,Available
160148,CHIQ,U65G7PG,LCD (LED),64.5,64,90.1,404.0,5.5,Available
160151,SAMSUNG ELECTRONICS,BE43D-H,LCD (LED),42.5,42,68.0,251.0,4.0,Available
160152,SAMSUNG ELECTRONICS,BE50D-H,LCD (LED),49.5,50,71.0,262.0,5.0,Available
160153,SAMSUNG ELECTRONICS,BE55D-H,LCD (LED),54.6,55,79.0,291.0,5.5,Available
160154,SAMSUNG ELECTRONICS,BE65D-H,LCD (LED),64.5,64,114.0,419.0,5.0,Available
160155,SAMSUNG ELECTRONICS,BE75D-H,LCD (LED),74.5,74,137.0,503.0,5.5,Available
160179,BLAUPUNKT,BP50WOS3,LCD (LED),49.5,50,94.37,400.0,3.0,Available
160180,BLAUPUNKT,BP70WOS3,LCD (LED),69.5,70,128.9,550.0,4.5,Available
160194,SAMSUNG ELECTRONICS,BE85D-H,LCD (LED),84.6,85,143.0,525.0,6.0,Available
160257,TECO,LED24AHSRC,LCD (LED),23.5,24,16.2,67.0,6.0,Available
160266,SAMSUNG ELECTRONICS,QA43LS01DAW,LCD (LED),42.5,42,79.0,291.0,3.5,Available
160267,SAMSUNG ELECTRONICS,QA55LS01DAW,LCD (LED),54.6,55,89.0,328.0,5.0,Available
160274,SAMSUNG ELECTRONICS,QA65LS01DAW,LCD (LED),64.5,64,126.0,463.0,5.0,Available
160282,TECO,LED32AHSRC,LCD (LED),31.5,32,26.3,105.0,6.0,Available
160314,SYLVOX,RT27R2KECA,LCD,27.0,27,15.3,59.0,7.0,Available
160319,LG,32LT340CBTB,LCD (LED),31.5,32,25.5,95.0,6.0,Available
160333,KOGAN,KALED50R95TA,LCD (LED),49.5,50,66.8,284.0,5.0,Available
160334,KOGAN,KALED65R95TA,LCD (LED),64.5,64,94.2,371.0,6.0,Available
160335,KOGAN,KALED75R95TA,LCD (LED),74.5,74,109.4,488.0,6.0,Available
160336,KOGAN,KALED55R95TA,LCD (LED),54.6,55,70.8,302.0,5.5,Available
160381,KOGAN,KALED32R95TA,LCD (LED),31.5,32,22.9,104.0,6.0,Available
160385,SAMSUNG ELECTRONICS,QA50LS01DAS,LCD (LED),49.5,50,93.0,343.0,4.0,Available
160387,KOGAN,KALED40R95TA,LCD (LED),39.5,40,36.5,148.0,6.0,Available
160391,KOGAN,KALED43R95TA,LCD (LED),42.5,42,52.9,214.0,5.0,Available
156876,EKO,K65USW2,LCD,64.5,64,111.438,407.0,5.5,Available
156874,EKO,K55USW2,LCD,54.6,55,82.242,301.0,5.5,Available
160490,KOGAN,KAQL65MQ9TA,LCD (LED),65.2,65,136.1,532.0,4.5,Available
160504,JVC,LT-32ND35AS,LCD (LED),31.5,32,36.9,145.0,4.5,Available
160542,TOSHIBA,43C350NP,LCD (LED),42.5,42,59.91,242.0,4.5,Available
160543,TOSHIBA,50C350NP,LCD (LED),49.5,50,61.1,254.0,5.5,Available
160544,TOSHIBA,55C350NP,LCD (LED),54.6,55,63.7,269.0,6.0,Available
160545,TOSHIBA,65C350NP,LCD (LED),64.5,64,89.74,369.0,6.0,Available
160546,TOSHIBA,75C350NP,LCD (LED),74.5,74,95.06,389.0,7.0,Available
160557,TOSHIBA,85C350NP,LCD (LED),84.6,85,150.59,599.0,6.0,Available
160616,TECO,LED70AUSRC,LCD (LED),69.5,70,135.9,532.0,5.0,Available
160618,EKO,K70USW3,LCD (LED),69.5,70,161.0,667.0,4.0,Available
160621,SYLVOX,KT16A0KOGA,LCD (LED),15.5,16,15.1,58.0,4.5,Available
160645,JVC,LT-40N5155A,LCD (LED),39.5,40,48.76,198.0,4.5,Available
159056,SAMSUNG ELECTRONICS,UA43DU7000S,LCD (LED),42.5,42,68.0,251.0,4.0,Available
159006,SAMSUNG ELECTRONICS,QA65QE1DAS,LCD (LED),64.5,64,103.0,379.0,5.5,Available
160729,JVC,JV100A5D,LCD (LED),99.5,100,295.9,1190.0,4.5,Available
160785,JVC,LT-65N7115A11E,LCD (LED),64.5,64,104.2,415.0,5.5,Available
160788,EKO,K650UGT2,LCD (LED),64.5,64,108.132,422.0,5.0,Available
160808,HUBBL,LT065A-04-FXTL,LCD (LED),64.5,64,64.71,240.0,7.0,Available
160834,CHIQ,U70M9Q,LCD (LED),69.5,70,123.6,481.0,5.5,Available
160850,TCL,115X955 Max,LCD (LED),114.5,114,600.0,2652.0,2.0,Available
160854,CHIQ,L32G7KPG,LCD (LED),31.5,32,23.3,116.0,5.5,Available
153313,EKO,K420FAT,LCD,41.5,42,48.96,180.0,5.5,Available
160920,BLAUPUNKT,BP750USG9800,LCD (LED),74.5,74,158.0,648.0,4.5,Available
160933,EKO,K70USW3,LCD (LED),69.5,70,128.9,550.0,4.5,Available
160979,AIWA,AWC240G,LCD (LED),23.5,24,19.8,82.0,5.0,Available
160985,HISENSE,85U7NAU,LCD (LED),84.6,85,204.59,829.0,4.5,Available
161017,BLAUPUNKT,BP650USG9800,LCD (LED),64.5,64,108.132,422.0,5.0,Available
161047,TELEFUNKEN,TL24HSWDTA,LCD,23.8,24,28.7,107.0,4.0,Available
161084,BLAUPUNKT,BP500USG9800,LCD (LED),49.5,50,91.0,370.0,3.5,Available
161085,BLAUPUNKT,BP650USG9900,LCD (LED),65.2,65,120.0,483.0,4.5,Available
159148,BAUHN,ATV32HDW-0424,LCD (LED),31.5,32,27.2,101.0,6.0,Available
161103,AIWA,AWS500W,LCD (LED),49.5,50,57.2,211.0,6.0,Available
161124,BLAUPUNKT,BP430FSG9800,LCD (LED),42.5,42,50.67,208.0,5.0,Available
161139,BLAUPUNKT,BP550USG9800,LCD,54.6,55,75.18,277.0,5.5,Available
161150,BLAUPUNKT,BP400FSG9800,LCD (LED),39.5,40,41.0,173.0,5.0,Available
161192,SAMSUNG ELECTRONICS,QA55LST7DAW,LCD (LED),54.6,55,206.0,755.0,1.0,Available
161247,KOGAN,KAQL75MQ9TA,LCD (LED),74.5,74,145.4,609.0,5.0,Available
161254,BLAUPUNKT,BP32WOSDVD,LCD (LED),31.5,32,33.5,125.0,5.0,Available
161317,PANASONIC,TV-42Z85AGZ,OLED,41.5,42,73.0,271.0,3.5,Available
161318,PANASONIC,TV-48Z85AGZ,OLED,47.5,48,84.0,311.0,4.0,Available
161333,PANASONIC,TV-55Z85AGZ,OLED,54.7,55,103.0,380.0,4.5,Available
161335,PANASONIC,TV-65Z85AGZ,OLED,64.5,64,140.0,515.0,4.5,Available
161338,PANASONIC,TV-55Z95AGZ,OLED,54.7,55,122.0,450.0,3.5,Available
161342,PANASONIC,TV-65Z95AGZ,OLED,64.5,64,146.0,538.0,4.0,Available
161347,PANASONIC,TV-77Z93AGZ,OLED,76.7,77,170.0,625.0,5.0,Available
161493,LG,32LN660HBSD,LCD (LED),31.5,32,24.0,90.0,6.0,Available
161547,TELEFUNKEN,TL55QGG,LCD (LED),54.6,55,103.0,379.0,4.5,Available
161603,KOGAN,KAOD48X98JSTA,OLED,47.5,48,80.3,331.0,4.0,Available
161688,SVISION,SV43FWOS,LCD,42.5,42,40.1,165.0,6.0,Available
161755,BLAUPUNKT,BP100WOSQ,LCD (LED),97.5,98,350.0,1284.0,4.0,Available
161761,HISENSE,55U6NAU,LCD (LED),54.6,55,79.98,339.0,5.0,Available
161762,HISENSE,65U6NAU,LCD (LED),64.5,64,99.95,416.0,5.5,Available
161763,HISENSE,75U6NAU,LCD (LED),74.5,74,133.76,547.0,5.5,Available
161764,HISENSE,85U6NAU,LCD (LED),84.6,85,189.93,780.0,5.0,Available
161767,HISENSE,43Q6NAU,LCD (LED),42.5,42,55.02,229.0,4.5,Available
161768,HISENSE,50Q6NAU,LCD (LED),49.5,50,55.49,227.0,6.0,Available
161769,HISENSE,55Q6NAU,LCD (LED),54.6,55,59.97,239.0,6.0,Available
161770,HISENSE,65Q6NAU,LCD (LED),64.5,64,90.42,369.0,6.0,Available
161771,HISENSE,75Q6NAU,LCD (LED),74.5,74,120.56,489.0,6.0,Available
161772,HISENSE,85Q6NAU,LCD (LED),84.6,85,172.13,696.0,5.5,Available
161802,SAMSUNG ELECTRONICS,QA65LST7DAW,LCD (LED),64.5,64,260.0,952.0,1.5,Available
161804,SAMSUNG ELECTRONICS,QA75LST7DAW,LCD (LED),74.5,74,322.0,1178.0,2.0,Available
161837,WINTAL,19LED19HD,LCD (LED),18.5,18,19.4,72.0,4.0,Available
161849,AIWA,AWC320G,LCD (LED),31.5,32,28.6,116.0,5.5,Available
161867,KOGAN,KAOD55X98JSTA,OLED,54.6,55,88.3,378.0,4.5,Available
162012,SYLVOX,KT16K0KOGA,LCD (LED),15.5,16,14.7,56.0,4.5,Available
162059,TCL,85C745 Pro,LCD (LED),84.6,85,160.8,750.0,5.0,Available
161820,KOGAN,KALED19PRIZE,LCD,18.5,18,15.8718,62.0,5.0,Available
162078,TOSHIBA,55Z870NP,LCD (LED),54.6,55,106.46,426.0,4.0,Available
162079,TOSHIBA,65Z870NP,LCD (LED),64.5,64,157.4,639.0,3.5,Available
162080,TOSHIBA,75Z870NP,LCD (LED),74.5,74,169.46,683.0,4.5,Available
162081,TOSHIBA,85Z870NP,LCD (LED),84.6,85,236.68,969.0,4.0,Available
162082,TOSHIBA,100Z670NP,LCD (LED),99.5,100,264.81,1070.0,5.0,Available
162085,BAUHN,ATV70UHDW-0624,LCD (LED),69.5,70,109.038,400.0,6.0,Available
162156,BLAUPUNKT,BP850WOSQ,LCD,84.6,85,257.2,980.0,3.5,Available
162190,KOGAN,KALED55U94VA,LCD (LED),54.6,55,73.6,375.0,4.5,Available
162206,SVISION,SVU50WOS,LCD,49.5,50,85.767,315.0,4.5,Available
162209,BLAUPUNKT,BP85WOS2,LCD (LED),84.5,84,197.27,722.0,5.0,Available
162230,KOGAN,KALED55T96QA,LCD (LED),54.6,55,115.0,425.0,4.0,Available
162231,KOGAN,KALED32T96QA,LCD (LED),31.6,32,35.2,145.0,4.5,Available
162234,KOGAN,KALED50T96QA,LCD (LED),49.5,50,99.42,395.0,3.5,Available
162235,KOGAN,KALED65T96QA,LCD (LED),64.5,64,147.44,580.0,4.0,Available
162237,KOGAN,KALED75T96QA,LCD (LED),74.5,74,180.0,680.0,4.5,Available
162239,KOGAN,KALED42T96QA,LCD (LED),41.4,41,54.39,205.0,5.0,Available
162368,EKO,K65USTW,LCD,64.5,64,126.1,463.0,5.0,Available
162367,KOGAN,KAOD65X98JSTA,OLED,64.5,64,112.7,459.0,5.0,Available
162374,EKO,K55USTW,LCD,54.6,55,115.9,426.0,4.0,Available
162441,JVC,LT-55N7115A11E,LCD (LED),54.6,55,60.9,247.0,6.0,Available
162443,CHIQ,U98F8TG PRO,LCD (LED),97.5,98,299.4,1233.0,4.0,Available
162445,LOEWE,BILD S.77,OLED,76.7,77,220.0,833.0,3.5,Available
162457,LG,75UT80506LA,LCD (LED),74.5,74,165.0,605.0,5.0,Available
162484,LINSAR,LS24HDNF-12V,LCD,23.5,24,15.1,66.0,6.0,Available
162485,BAUHN,ATV75UHDW-0924,LCD,74.5,74,133.54,490.0,6.0,Available
162494,KONKA,KUD65XG684AN,LCD (LED),64.5,64,114.354,442.0,5.0,Available
162496,KONKA,KUD55XG684AN,LCD (LED),54.6,55,82.11,319.0,5.0,Available
162498,KONKA,KUD50XG684AN,LCD (LED),49.5,50,60.564,236.0,5.5,Available
162499,KONKA,KDL40GA683AN,LCD (LED),39.5,40,36.91,151.0,6.0,Available
162501,KONKA,KDL32GA683AN,LCD (LED),31.5,32,29.55,125.0,5.0,Available
162547,EKO,K50USW3,LCD (LED),49.5,50,86.0,317.0,4.5,Available
162553,KOGAN,KAQL55XQ98GSTA,LCD (LED),54.6,55,92.8,378.0,4.5,Available
162640,AIWA,AWS400W,LCD (LED),39.5,40,48.76,198.0,4.5,Available
162651,HISENSE,32A4NAU,LCD (LED),31.5,32,22.8,93.0,6.0,Available
162652,HISENSE,40A4NAU,LCD (LED),39.5,40,29.07,121.0,7.0,Available
162653,EKO,K320HGT,LCD,31.5,32,29.6,130.0,5.0,Available
162083,HISENSE,100Q7NAU,LCD (LED),99.5,100,252.1,999.0,5.0,Available
162656,HISENSE,75U8NAU,LCD (LED),74.5,74,177.17,720.0,4.0,Available
162654,HISENSE,85U8NAU,LCD (LED),84.6,85,262.49,1079.0,3.5,Available
162667,HISENSE,65UXAU,LCD (LED),64.5,64,137.97,569.0,4.0,Available
162688,BROOKLYN,BM32WOSDVD,LCD (LED),31.5,32,33.5,125.0,5.0,Available
162697,LINSAR,LS60UHDNF23,LCD,60.1,60,81.288,299.0,6.0,Available
162737,BLAUPUNKT,BP320HSG9700,LCD (LED),31.5,32,24.687,130.0,5.0,Available
162752,EKO,K55USW3,LCD,54.6,55,87.3,323.0,5.0,Available
162755,PANASONIC,TV-55W95AGZ,LCD (LED),54.6,55,72.6,296.0,5.5,Available
162760,PANASONIC,TV-65W95AGZ,LCD (LED),64.5,64,93.25,380.0,5.5,Available
162769,SAMSUNG ELECTRONICS,UA43DUE800W,LCD (LED),42.5,42,71.0,262.0,4.0,Available
162770,SAMSUNG ELECTRONICS,UA50DUE800W,LCD (LED),49.5,50,83.0,306.0,4.5,Available
162772,PANASONIC,TV-75W95AGZ,LCD (LED),74.5,74,109.77,446.0,6.0,Available
162773,SAMSUNG ELECTRONICS,UA55DUE800W,LCD (LED),54.6,55,97.0,357.0,4.5,Available
162775,SAMSUNG ELECTRONICS,UA65DUE800W,LCD (LED),64.5,64,122.0,448.0,5.0,Available
162776,SAMSUNG ELECTRONICS,UA75DUE800W,LCD (LED),74.5,74,163.0,598.0,5.0,Available
162778,SAMSUNG ELECTRONICS,UA85DUE800W,LCD (LED),84.6,85,195.0,715.0,5.0,Available
162825,AIWA,AWS700W,LCD (LED),69.5,70,140.89,576.0,4.5,Available
162831,KOGAN,KAQL85T96QA,LCD (LED),84.8,85,280.55,1090.0,3.5,Available
162888,LG,43UT801C0LA,LCD (LED),42.5,42,73.0,269.0,4.0,Available
162889,LG,43UT801C0SB,LCD (LED),42.5,42,70.0,258.0,4.0,Available
162891,LG,50UT801C0LA,LCD (LED),49.5,50,83.0,305.0,4.5,Available
162896,LG,50UT801C0SB,LCD (LED),49.5,50,83.0,305.0,4.5,Available
162898,LG,55UT801C0LA,LCD (LED),54.6,55,97.0,357.0,4.5,Available
162899,LG,55UT801C0SB,LCD (LED),54.6,55,97.0,357.0,4.5,Available
162901,LG,65UT801C0LA,LCD (LED),64.5,64,120.0,441.0,5.0,Available
162903,LG,65UT801C0SB,LCD (LED),64.5,64,120.0,441.0,5.0,Available
162904,LG,75UT801C0SB,LCD (LED),74.5,74,165.0,605.0,5.0,Available
162906,LG,75UT811C0LA,LCD (LED),74.5,74,165.0,605.0,5.0,Available
162907,LG,86UT801C0SB,LCD (LED),85.6,86,212.0,776.0,5.0,Available
162908,LG,86UT811C0LA,LCD (LED),85.6,86,212.0,776.0,5.0,Available
162926,EKO,K70USW3,LCD,69.5,70,143.1,530.0,5.0,Available
162964,EKO,K750UGT2,LCD,74.5,74,163.1,610.0,5.0,Available
162967,EKO,K75USWW,LCD,74.5,74,162.1,600.0,5.0,Available
162968,EKO,K700UGT2,LCD,69.5,70,142.1,530.0,5.0,Available
163030,AIWA,AWS500G,OLED,49.5,50,64.6,276.0,5.0,Available
156534,EKO,K550UAT,LCD,54.6,55,110.12,404.0,4.0,Available
162834,KOGAN,KALED100T96QA,LCD (LED),99.7,100,379.07,1497.0,3.5,Available
163413,KOGAN,KAQL65XQ98GSTB,LCD (LED),64.5,64,144.5,579.0,4.0,Available
163478,KOGAN,KAQL70T96QA,LCD (LED),69.5,70,138.82,538.0,5.0,Available
163494,EKO,K550UGT2,LCD,54.6,55,88.8,340.0,5.0,Available
163530,EKO,K65USW3,LCD,65.1,65,120.0,465.0,5.0,Available
159829,TCL,85C655,LCD (LED),84.6,85,191.0,840.0,4.5,Available
163618,HISENSE,70A6NNZ,LCD (LED),69.5,70,103.99,430.0,6.0,Available
163621,TOSHIBA,32V35NP,LCD (LED),31.5,32,24.17,97.0,6.0,Available
163622,TOSHIBA,43V35NP,LCD (LED),42.5,42,33.62,137.0,7.0,Available
162655,HISENSE,65U8NAU,LCD (LED),64.5,64,151.8,639.0,3.5,Available
163671,JVC,AV-J193152A,LCD,18.5,18,19.4,73.0,4.0,Available
163703,LG,43UM662H4LC,LCD (LED),42.5,42,36.0,134.0,7.0,Available
163734,LG,50UM662H4LC,LCD (LED),49.5,50,40.0,149.0,7.0,Available
163735,LG,55UM662H4LC,LCD (LED),54.6,55,49.0,181.0,7.0,Available
163736,LG,65UM662H4LC,LCD (LED),64.5,64,56.0,207.0,8.0,Available
163739,TCL,85A300W,LCD (LED),84.6,85,143.6,600.0,6.0,Available
163755,TCL,75A300W,LCD (LED),74.5,74,115.4,500.0,5.5,Available
163758,TCL,65A300W,LCD (LED),64.5,64,103.5,425.0,5.0,Available
163759,TCL,55A300W,LCD (LED),54.6,55,90.7,372.0,4.5,Available
163784,EKO,K400FAT,LCD (LED),39.5,40,40.0,166.0,5.5,Available
163822,LG,98UT9050PSA,LCD (LED),97.5,98,354.9,1434.0,3.5,Available
163852,JVC,JVG3B5523Q,LCD (LED),54.6,55,76.8,304.0,5.5,Available
164012,AIWA,AWC240WZ,LCD (LED),23.5,24,26.3,105.0,4.0,Available
164013,AIWA,AWC320WZ,LCD (LED),31.5,32,38.6,145.0,4.5,Available
164014,KOGAN,KAQL75XQ98GSVA,LCD (LED),74.5,74,159.6,643.0,4.5,Available
164193,QBELL,QT50WX8A,LCD (LED),49.5,50,94.37,400.0,3.0,Available
164195,QBELL,QT70WX8A,LCD (LED),69.5,70,128.9,550.0,4.5,Available
164202,SPHERE,S924TVSB,LCD (LED),23.8,24,19.64,74.0,5.5,Available
164205,SPHERE,S927TVSB,LCD (LED),27.0,27,24.6,92.0,5.5,Available
164261,BAUHN,ATV32HDW-0824,LCD (LED),31.5,32,27.14,101.0,6.0,Available
164267,KOGAN,KAQL85XQ98GSVA,LCD (LED),84.6,85,226.38,868.0,4.5,Available
164364,KOGAN,KALED32F98VA,LCD (LED),31.5,32,37.86,152.0,4.0,Available
164495,TECO,LED32IHRK,LCD (LED),31.4,31,35.6,140.0,4.5,Available
164513,HYUNDAI,H50UHDQLDZEN,LCD (LED),49.5,50,61.524,227.0,6.0,Available
164519,HYUNDAI,H55UHDQLDZEN,LCD (LED),54.6,55,72.83,268.0,6.0,Available
164532,HYUNDAI,H65UHDQLDZEN,LCD (LED),65.1,65,101.54,373.0,6.0,Available
164534,HYUNDAI,H75UHDQLDZEN,LCD (LED),74.5,74,130.146,477.0,6.0,Available
164539,ALTIUS,AT32HDW2-BCF,LCD (LED),31.5,32,27.036,102.0,6.0,Available
164582,AIWA,AWS420W,LCD (LED),41.5,42,51.78,210.0,4.5,Available
164586,KOGAN,KAQL86T96QA,LCD (LED),85.6,86,298.5,1117.0,3.5,Available
164636,BAUHN,ATV43FHDW-1124,LCD,42.5,42,44.2,172.0,6.0,Available
164639,EKO,K55USW3,LCD (LED),54.6,55,102.0,379.0,4.5,Available
156532,EKO,K650UAT,LCD,64.5,64,147.21,540.0,4.0,Available
163516,BAUHN,ATV55UHDW-1024,LCD (LED),54.6,55,69.65,256.0,6.0,Available
164838,ENGLAON,LED24X90,LCD (LED),23.6,24,28.3,106.0,4.0,Available
164843,ENGLAON,LED32X90,LCD (LED),31.5,32,37.1,145.0,4.5,Available
164845,ENGLAON,LED40X90,LCD (LED),39.5,40,38.6,152.0,5.5,Available
164862,EKO,K70USW3,LCD (LED),69.5,70,182.3,850.0,2.5,Available
164907,HYUNDAI,H55UHDMLDGTV,LCD (LED),54.6,55,92.2,379.0,4.5,Available
164908,KOGAN,KALED24D96SQA,LCD (LED),23.5,24,23.98,95.0,4.5,Available
164909,KOGAN,KALED32D96SQA,LCD (LED),31.5,32,31.84,131.0,5.0,Available
164926,KONIC,KUD55GS677AM,LCD (LED),54.6,55,93.1,342.0,4.5,Available
164955,BLAUPUNKT,BP58WOS,LCD,57.5,58,112.086,433.0,4.0,Available
164996,JVC,LT-42NQ5155A,LCD,41.5,42,38.2,150.0,6.0,Available
164999,PHILIPS,85BFL2214/97,LCD (LED),84.6,85,114.6,463.0,7.0,Available
165022,PHILIPS,32HFL4518/97,LCD (LED),31.5,32,24.9,106.0,5.5,Available
165017,PHILIPS,65PUT7129/98,LCD (LED),64.5,64,122.0,488.0,4.5,Available
165026,PHILIPS,24HFL4518/97,LCD (LED),23.5,24,16.9,69.0,5.5,Available
165027,PHILIPS,55PUT7129/98,LCD (LED),54.6,55,105.0,411.0,4.0,Available
165028,KOGAN,KALED65U95TA,LCD (LED),64.5,64,94.14,371.0,6.0,Available
165029,PHILIPS,50PUT7129/98,LCD (LED),49.5,50,96.0,386.0,3.5,Available
165030,KOGAN,KALED75U95TA,LCD (LED),74.5,74,154.03,608.0,5.0,Available
165051,PHILIPS,55PML8969/98,LCD (LED),54.6,55,120.0,470.0,3.5,Available
165071,KONIC,KUD50GS677AM,LCD (LED),49.5,50,88.8,327.0,4.0,Available
165072,KONIC,KUD65GS677AM,LCD (LED),64.5,64,117.3,431.0,5.0,Available
165089,PHILIPS,65PML8969/98,LCD (LED),64.5,64,168.0,645.0,3.5,Available
165119,SAMSUNG ELECTRONICS,BE98D-H,LCD (LED),97.5,98,332.0,1215.0,4.0,Available
165123,BAUHN,ATV70UHDW-1124,LCD,69.5,70,108.294,397.0,6.0,Available
165152,PALSONIC,PT6515SU,LCD (LED),64.5,64,105.43,439.0,5.0,Available
165159,HYUNDAI,H65UHDMLDGTV,LCD (LED),64.5,64,149.6,576.0,4.0,Available
165232,AOA,LTD19FT,LCD (LED),18.5,18,15.3,58.0,5.0,Available
165321,BLAUPUNKT,BP24PTVW,LCD (LED),23.8,24,16.33,76.0,5.5,Available
165324,EKO,K700UATW,LCD,69.5,70,153.11,561.0,4.5,Available
165339,LINSAR,LS32HDNF-12V,LCD (LED),31.5,32,27.036,102.0,6.0,Available
165404,AKAI,AK3223S7WOS,LCD (LED),31.5,32,27.14,101.0,6.0,Available
165405,AKAI,AK4324S7WOS,LCD,42.5,42,44.2,172.0,6.0,Available
165408,AKAI,AK55324S7WOS,LCD (LED),54.6,55,68.12,256.0,6.0,Available
165429,SONIQ,G65UV50A,LCD,64.5,64,92.076,340.0,6.0,Available
165430,POLAROID,PL7024WOS,LCD,69.5,70,108.294,397.0,6.0,Available
165465,AIWA,AWS320DVD,LCD (LED),31.5,32,33.5,125.0,5.0,Available
165499,QBELL,QTH32T,LCD (LED),31.5,32,35.3,131.0,5.0,Available
165561,SVISION,SV43FWOS,LCD (LED),42.8,43,43.0,159.0,6.0,Available
165566,SAMSUNG ELECTRONICS,UA50TU8000,LCD (LED),49.5,50,91.0,335.0,4.0,Available
165568,SAMSUNG ELECTRONICS,UA65TU8000,LCD (LED),64.5,64,116.0,426.0,5.0,Available
165569,SAMSUNG ELECTRONICS,UA55TU8000W,LCD (LED),54.6,55,102.0,375.0,4.5,Available
165597,KOGAN,KAQL50R96KA,LCD (LED),49.5,50,56.9,250.0,5.5,Available
165599,KOGAN,KAOD77X98JSVA,OLED,76.6,77,131.1,540.0,5.5,Available
165603,KOGAN,KAQL100XQ98GSVA,OLED,99.5,100,446.3,1670.0,3.0,Available
165604,KOGAN,KAQL55R96KA,LCD (LED),54.6,55,69.4,280.0,5.5,Available
165605,KOGAN,KAQL65R96KA,LCD (LED),64.5,64,92.9,400.0,5.5,Available
165627,LG,86NANO80A6A,LCD (LED),85.6,86,212.0,776.0,5.0,Available
165628,LG,86NANO80ASA,LCD (LED),85.6,86,212.0,776.0,5.0,Available
165629,LG,OLED55C5PSA,OLED,54.6,55,101.0,371.0,4.5,Available
165630,LG,OLED55C56LA,OLED,54.6,55,101.0,371.0,4.5,Available
165631,LG,OLED55G5PSA,OLED,54.6,55,96.0,353.0,4.5,Available
165632,LG,OLED55G55LW,OLED,54.6,55,96.0,353.0,4.5,Available
165633,LG,OLED65C5PSA,OLED,64.5,64,124.0,455.0,5.0,Available
165634,LG,OLED65C56LA,OLED,64.5,64,124.0,455.0,5.0,Available
165635,LG,OLED77C5PSA,OLED,76.7,77,163.0,597.0,5.0,Available
165636,LG,OLED77C56LA,OLED,76.7,77,163.0,597.0,5.0,Available
165637,LG,OLED83G5PSA,OLED,82.5,82,189.0,692.0,5.0,Available
165638,LG,OLED83G56LA,OLED,82.5,82,189.0,692.0,5.0,Available
165639,BAUHN,ATV24HDW-0225,LCD,23.6,24,17.766,68.0,6.0,Available
165650,JVC,JV5524M,LCD (LED),54.6,55,65.9,270.0,6.0,Available
165651,JVC,JV6524M,LCD (LED),64.5,64,97.7,450.0,5.0,Available
165660,CHIQ,U75M9,LCD,74.5,74,154.23,608.0,5.0,Available
165703,LINSAR,LS24HDNF-12V,LCD,23.6,24,17.766,68.0,6.0,Available
165713,DGTEC,DG24HDDVD12V,LCD (LED),23.6,24,20.96,78.0,5.0,Available
165764,EKO,K65USTW,LCD,64.5,64,113.2,416.0,5.5,Available
165767,QBELL,QTU55T,LCD,54.6,55,92.1,339.0,5.0,Available
165774,SONY,K-55XR80M2,OLED,54.6,55,91.6,341.0,5.0,Available
165775,SONY,K-65XR80M2,OLED,64.5,64,102.9,381.0,5.5,Available
165789,QBELL,QTU50T,LCD (LED),49.5,50,76.8,284.0,5.0,Available
165793,LG,50QNED80A6A,LCD (LED),49.5,50,68.0,251.0,5.5,Available
165794,LG,50QNED81ASA,LCD (LED),49.5,50,68.0,251.0,5.5,Available
165795,LG,OLED48C5PSA,OLED,47.5,48,76.0,280.0,4.5,Available
165796,LG,OLED48C56LA,OLED,47.5,48,76.0,280.0,4.5,Available
165797,LG,OLED55B5PSA,OLED,54.6,55,88.0,324.0,5.0,Available
165798,LG,OLED55B56LA,OLED,54.6,55,88.0,324.0,5.0,Available
165799,LG,OLED65B5PSA,OLED,64.5,64,106.0,389.0,5.5,Available
165800,LG,OLED65B56LA,OLED,64.5,64,106.0,389.0,5.5,Available
165816,QBELL,QTF40T,LCD (LED),39.5,40,51.3,189.0,5.0,Available
165831,PHILIPS,40PFT6529/79,LCD (LED),39.5,40,41.6,167.0,5.5,Available
165872,EKO,K42FST,LCD (LED),41.5,42,55.0,204.0,5.0,Available
165875,PHILIPS,32PHT6529/79,LCD (LED),31.5,32,35.8,145.0,4.5,Available
165906,LG,OLED42C5PSA,OLED,41.5,42,65.0,240.0,4.0,Available
165907,LG,OLED42C54LA,OLED,41.5,42,65.0,240.0,4.0,Available
165908,LG,OLED77G5PSA,OLED,76.7,77,153.0,561.0,5.5,Available
165909,LG,OLED77G56LA,OLED,76.7,77,153.0,561.0,5.5,Available
165958,LG,55QNED86A6A,LCD (LED),54.6,55,82.0,302.0,5.5,Available
165959,LG,55QNED86ASA,LCD (LED),54.6,55,82.0,302.0,5.5,Available
165960,LG,65QNED86A6A,LCD (LED),64.5,64,105.0,386.0,5.5,Available
165961,LG,65QNED86ASA,LCD (LED),64.5,64,105.0,386.0,5.5,Available
166021,AOA,LTW50UHD,LCD (LED),49.5,50,73.4,270.0,5.0,Available
166046,PHILIPS,77OLED720/79,OLED,78.2,78,188.5,798.0,4.0,Available
166054,LG,65NANO80A6A,LCD (LED),64.5,64,118.0,433.0,5.0,Available
166055,LG,65NANO80ASA,LCD (LED),64.5,64,118.0,433.0,5.0,Available
166056,LG,65QNED80A6A,LCD (LED),64.5,64,98.0,360.0,6.0,Available
166057,LG,65QNED81ASA,LCD (LED),64.5,64,98.0,360.0,6.0,Available
166058,LG,75NANO80A6A,LCD (LED),74.5,74,165.0,605.0,5.0,Available
166059,LG,75NANO80ASA,LCD (LED),74.5,74,165.0,605.0,5.0,Available
166060,LG,75QNED80A6A,LCD (LED),74.5,74,106.0,389.0,7.0,Available
166061,LG,75QNED81ASA,LCD (LED),74.5,74,106.0,389.0,7.0,Available
166062,LG,75QNED86ASA,LCD (LED),74.5,74,106.0,389.0,7.0,Available
166063,LG,86QNED80A6A,LCD (LED),85.6,86,132.0,484.0,7.0,Available
166064,AIWA,AWS580G,LCD,57.5,58,82.5,331.0,5.5,Available
166074,JVC,LT-70NQ7155A,LCD,69.5,70,141.1,550.0,4.5,Available
166077,LG,86QNED81ASA,LCD (LED),85.6,86,132.0,484.0,7.0,Available
166078,LG,OLED48B5PSA,OLED,47.5,48,74.0,273.0,4.5,Available
166079,LG,43NANO80A6B,LCD (LED),42.5,42,70.0,258.0,4.0,Available
166080,LG,43NANO80ASA,LCD (LED),42.5,42,70.0,258.0,4.0,Available
166081,LG,43QNED80A6A,LCD (LED),42.5,42,64.0,236.0,4.5,Available
166082,LG,43QNED81ASA,LCD (LED),42.5,42,64.0,236.0,4.5,Available
166083,LG,50NANO80A6A,LCD (LED),49.5,50,83.0,305.0,4.5,Available
166084,LG,50NANO80ASA,LCD (LED),49.5,50,83.0,305.0,4.5,Available
166085,LG,55NANO80A6A,LCD (LED),54.6,55,92.0,338.0,5.0,Available
166086,LG,55NANO80ASA,LCD (LED),54.6,55,92.0,338.0,5.0,Available
166087,LG,55QNED80A6A,LCD (LED),54.6,55,82.0,302.0,5.5,Available
166088,LG,55QNED81ASA,LCD (LED),54.6,55,82.0,302.0,5.5,Available
166097,PHILIPS,50PUT7039/79,LCD (LED),49.5,50,91.5,375.0,3.5,Available
166098,PHILIPS,55PUT7039/79,LCD (LED),54.6,55,99.2,404.0,4.0,Available
166107,SAMSUNG,UA43F6000FS,LCD (LED),42.5,42,49.0,182.0,5.5,Available
166110,LINSAR,LS24HDNF-12V,LCD,23.5,24,17.766,68.0,6.0,Available
166115,PRISM+,M55,LCD (LED),54.6,55,79.3,320.0,5.0,Available
166150,PRISM+,M65,LCD (LED),64.5,64,111.6,450.0,5.0,Available
166151,PRISM+,M75,LCD (LED),74.5,74,140.4,580.0,5.0,Available
166155,EKO,K32HSWV12,LCD (LED),31.5,32,35.3,131.0,5.0,Available
166179,LG,OLED65G5PSA,OLED,64.5,64,115.0,422.0,5.0,Available
166197,LG,OLED65G56LA,OLED,64.5,64,115.0,422.0,5.0,Available
166198,LG,OLED77B5PSA,OLED,76.7,77,135.0,495.0,6.0,Available
166199,LG,OLED77B56LA,OLED,76.7,77,135.0,495.0,6.0,Available
166200,LG,55QNED82ASA,LCD (LED),54.6,55,92.0,338.0,5.0,Available
166201,LG,65QNED82ASA,LCD (LED),64.5,64,98.0,360.0,6.0,Available
166202,LG,86QNED82ASA,LCD (LED),85.6,86,132.0,484.0,7.0,Available
166203,LG,50QNED86ASA,LCD (LED),49.5,50,68.0,251.0,5.5,Available
166204,LG,86QNED86A6A,LCD (LED),85.6,86,138.0,506.0,7.0,Available
166205,LG,86QNED86ASA,LCD (LED),85.6,86,138.0,506.0,7.0,Available
166222,QBELL,QTU70T,LCD (LED),69.5,70,147.1,690.0,3.5,Available
166235,PHILIPS,75PUT7039/79,LCD (LED),74.5,74,162.0,667.0,4.5,Available
166237,PHILIPS,65PUT7039/79,LCD (LED),65.2,65,115.0,462.0,5.0,Available
166238,PHILIPS,86PUT7039/79,LCD (LED),85.6,86,231.0,963.0,4.0,Available
166272,JVC,LT-32NQ5155A,LCD (LED),31.5,32,24.84,110.0,5.5,Available
166273,JVC,LT-43NQ5155A,LCD (LED),42.5,42,38.4,163.0,6.0,Available
166274,JVC,AV-AQ557155A,LCD (LED),54.6,55,61.38,247.0,6.0,Available
166276,JVC,AV-AQ657155A,LCD (LED),64.5,64,105.96,448.0,5.0,Available
166280,JVC,AV-JQ757115A,LCD (LED),74.5,74,106.68,466.0,6.0,Available
166330,BLAUPUNKT,BP700UTS,LCD (LED),69.5,70,147.1,690.0,3.5,Available
166343,LG,50QNED82ASA,LCD (LED),49.5,50,81.0,298.0,4.5,Available
166344,LG,75QNED82ASA,LCD (LED),74.5,74,106.0,389.0,7.0,Available
166345,LG,OLED83C5PSA,OLED,82.5,82,189.0,692.0,5.0,Available
166346,LG,OLED83C56LA,OLED,82.5,82,189.0,692.0,5.0,Available
166349,TCL,55C7K,LCD (LED),54.6,55,106.0,425.0,4.0,Available
166351,TCL,50C7K,LCD (LED),49.5,50,87.6,353.0,4.0,Available
166352,TCL,75C7K,LCD (LED),74.5,74,190.0,755.0,4.0,Available
166353,TCL,85C7K,LCD (LED),84.6,85,175.2,768.0,5.0,Available
166354,TCL,55C6K,LCD (LED),54.6,55,86.5,380.0,4.5,Available
166355,TCL,65C6K,LCD (LED),64.5,64,115.0,460.0,5.0,Available
166356,TCL,75C6K,LCD (LED),74.5,74,140.0,600.0,5.0,Available
166357,TCL,85C6K,LCD (LED),84.6,85,175.2,768.0,5.0,Available
166409,BAUHN,ATV70UHDW-0325,LCD (LED),69.5,70,109.038,400.0,6.0,Available
166422,BLAUPUNKT,BP400FSG98,LCD,39.7,40,50.5,186.0,5.0,Available
154308,BLAUPUNKT,BP320HSG9800,LCD,31.4,31,34.296,130.0,5.0,Available
166434,SONY,K-55XR50,LCD (LED),54.6,55,111.8,414.0,4.0,Available
166435,SONY,K-65XR50,LCD (LED),64.5,64,150.7,556.0,4.0,Available
166439,BLAUPUNKT,BP750USG98,LCD,74.5,74,204.81,811.0,3.5,Available
166440,EKO,K750UGTWQ,LCD,74.5,74,204.81,811.0,3.5,Available
166474,LG,65QNED9MA6A,LCD (LED),64.5,64,140.0,515.0,4.5,Available
166475,LG,65QNED9MASA,LCD (LED),64.5,64,140.0,515.0,4.5,Available
166476,LG,75QNED9MA6A,LCD (LED),74.5,74,153.0,561.0,5.0,Available
166477,LG,75QNED9MASA,LCD (LED),74.5,74,153.0,561.0,5.0,Available
166478,LG,86QNED9MA6A,LCD (LED),85.6,86,187.0,685.0,5.5,Available
166479,LG,86QNED9MASA,LCD (LED),85.6,86,187.0,685.0,5.5,Available
166493,JVC,LT-50NQ7145A,LCD (LED),49.5,50,49.6,210.0,6.0,Available
156536,BLAUPUNKT,BP550USG98,LCD,54.6,55,94.96,349.0,4.5,Available
166520,EKO,K550UGTQ,LCD,54.6,55,87.96,349.0,4.5,Available
166537,EKO,K500UGTQ,LCD,49.5,50,96.612,376.0,3.5,Available
166538,BLAUPUNKT,BP500USG98,LCD,49.5,50,96.612,376.0,3.5,Available
166543,SAMSUNG,QA65QN900FW,LCD (LED),64.5,64,248.0,908.0,2.0,Available
166545,TCL,98P7K,LCD (LED),97.5,98,148.6,700.0,6.0,Available
166552,SAMSUNG,QA43LS03FAW,LCD (LED),42.5,42,70.0,259.0,4.0,Available
166554,SAMSUNG,QA55LS03FAW,LCD (LED),54.6,55,111.0,408.0,4.0,Available
166555,SAMSUNG,QA48S90FAE,LCD (LED),47.5,48,79.0,291.0,4.5,Available
166560,SAMSUNG,QA55S90FAW,LCD (LED),54.6,55,109.0,401.0,4.0,Available
166597,BLAUPUNKT,BP500FTS,LCD (LED),49.5,50,47.9,224.0,6.0,Available
166610,SAMSUNG,QA83S90FAE,LCD (LED),82.5,82,216.0,791.0,4.5,Available
166612,SAMSUNG,QA77S85FAE,LCD (LED),76.7,77,138.0,507.0,6.0,Available
166617,AIWA,AWS430QW,LCD (LED),42.5,42,45.69,170.0,6.0,Available
166618,AIWA,AWS650G2,LCD (LED),64.5,64,92.9,371.0,6.0,Available
166629,BLAUPUNKT,BP650USG98,LCD,64.5,64,94.65,580.0,4.0,Available
166636,AIWA,AWS550QW,LCD (LED),54.6,55,98.27,397.0,4.0,Available
166637,AIWA,AWS650QW,LCD (LED),64.5,64,134.33,541.0,4.0,Available
166559,AKAI,AK40S9ZEN,LCD (LED),39.5,40,40.4,149.0,6.0,Available
166639,AIWA,AWS500QW,LCD (LED),49.5,50,79.06,321.0,4.0,Available
166640,EKO,K49FST,LCD (LED),49.5,50,47.9,224.0,6.0,Available
166671,KONIC,KKD32GS376AM,LCD (LED),31.5,32,31.2,116.0,5.5,Available
166672,KONIC,KKD40GS376AM,LCD (LED),39.5,40,43.6,162.0,5.5,Available
166677,LG,43QNED82ASA,LCD (LED),42.5,42,70.0,258.0,4.0,Available
166678,LG,50UA8450PSA,LCD (LED),49.5,50,83.0,305.0,4.5,Available
166679,LG,55UA8450PSA,LCD (LED),54.6,55,92.0,338.0,5.0,Available
166680,LG,OLED65M5PSA,OLED,64.5,64,140.0,514.0,4.5,Available
166681,LG,OLED65M59LA,OLED,64.5,64,140.0,514.0,4.5,Available
166710,TCL,55P7K,LCD (LED),54.6,55,69.8,284.0,5.5,Available
166711,TCL,50P7K,LCD (LED),49.5,50,60.2,245.0,5.5,Available
166741,SAMSUNG,QA65QN80FAW,LCD (LED),64.5,64,154.0,565.0,4.0,Available
166746,SAMSUNG,QA55S85FAE,LCD (LED),54.6,55,104.0,383.0,4.0,Available
166754,BAUHN,ATV32HDW-0425,LCD,31.5,32,25.23,101.0,6.0,Available
166757,PHILIPS,75PQT9020/79,LCD (LED),74.5,74,203.5,824.0,3.5,Available
166760,SAMSUNG,QA55S95FAW,LCD (LED),54.6,55,109.0,401.0,4.0,Available
166765,HISENSE,55S7NAU,LCD (LED),54.6,55,87.99,381.0,4.5,Available
166766,HISENSE,65S7NAU,LCD (LED),64.5,64,105.58,416.0,5.5,Available
166782,SAMSUNG,QA65S85FAE,LCD (LED),64.5,64,129.0,474.0,4.5,Available
166783,SAMSUNG,QA65S90FAE,LCD (LED),64.5,64,145.0,532.0,4.0,Available
166784,SAMSUNG,QA77S90FAE,LCD (LED),76.7,77,174.0,638.0,5.0,Available
166787,SAMSUNG,QA55QN90FAW,LCD (LED),54.6,55,110.0,405.0,4.0,Available
166797,HYUNDAI,H50UHDQLDZEN,LCD (LED),49.5,50,58.81,217.0,6.0,Available
166798,HYUNDAI,H55UHDQLDZEN,LCD (LED),54.6,55,71.5,263.0,6.0,Available
166799,HYUNDAI,H65UHDQLDZEN,LCD (LED),64.5,64,92.0,338.0,6.0,Available
166801,HYUNDAI,H75UHDQLDZEN,LCD (LED),74.5,74,122.94,451.0,6.0,Available
166809,EKO,K430FGTQ,LCD,42.6,43,45.012,196.0,5.0,Available
166810,BAUHN,ATV55UHDW-0425,LCD,54.5,54,70.0,270.0,6.0,Available
166812,PHILIPS,65PQT9020/79,LCD (LED),64.5,64,175.9,722.0,3.0,Available
166813,PHILIPS,86PQT9020/79,LCD (LED),85.6,86,287.2,1163.0,3.0,Available
166818,SONY,K-75XR50,LCD (LED),74.5,74,195.4,719.0,4.0,Available
166821,LG,OLED77T4PSA,OLED,76.7,77,182.0,667.0,4.5,Available
166822,LG,43UA8450PSA,LCD (LED),42.5,42,70.0,258.0,4.0,Available
166823,LG,OLED77M5PSA,OLED,76.7,77,178.0,654.0,4.5,Available
166824,SONY,K-85XR50,LCD (LED),84.6,85,216.9,797.0,4.5,Available
166826,LG,OLED77M56LA,OLED,76.7,77,178.0,654.0,4.5,Available
166827,LG,OLED83M5PSA,OLED,82.5,82,214.0,785.0,4.5,Available
166828,LG,OLED83M56LA,OLED,82.5,82,214.0,785.0,4.5,Available
166885,SAMSUNG,QA42S90FAE,LCD (LED),41.5,42,67.0,248.0,4.0,Available
166886,SAMSUNG,QA43QN90FAW,LCD (LED),42.5,42,62.0,229.0,4.5,Available
166887,SAMSUNG,QA55QN70FAW,LCD (LED),54.6,55,107.0,394.0,4.0,Available
166897,SAMSUNG,QA65QN70FAW,LCD (LED),64.5,64,141.0,518.0,4.5,Available
166898,SAMSUNG,QA65QN90FAW,LCD (LED),64.5,64,137.0,503.0,4.5,Available
166899,SAMSUNG,QA65S95FAW,LCD (LED),64.5,64,152.0,558.0,4.0,Available
166900,TCL,65C7K,LCD (LED),64.5,64,134.4,510.0,4.5,Available
166901,SAMSUNG,QA75QN70FAW,LCD (LED),74.5,74,156.0,572.0,5.0,Available
166953,SAMSUNG,QA75QN900FW,LCD (LED),74.5,74,271.0,992.0,2.5,Available
166954,SAMSUNG,QA75QN90FAW,LCD (LED),74.5,74,151.0,554.0,5.0,Available
166955,SAMSUNG,QA77S95FAW,LCD (LED),76.8,77,216.0,791.0,4.0,Available
166956,SAMSUNG,QA83S85FAE,LCD (LED),82.5,82,186.0,682.0,5.0,Available
166957,SAMSUNG,QA85QN70FAW,LCD (LED),84.6,85,199.0,729.0,5.0,Available
166959,SAMSUNG,QA85QN900FW,LCD (LED),84.6,85,286.0,1047.0,3.5,Available
166960,SAMSUNG,QA85QN90FAW,LCD (LED),84.6,85,211.0,773.0,5.0,Available
166961,SAMSUNG,QA85QN990FW,LCD (LED),84.6,85,360.0,1317.0,2.5,Available
166962,SAMSUNG,QA98QN90FAW,LCD (LED),97.5,98,242.0,886.0,5.5,Available
166999,TCL,65P7K,LCD (LED),64.5,64,75.0,320.0,6.0,Available
167002,SAMSUNG,QA65QN990FW,LCD (LED),64.5,64,282.0,1032.0,1.0,Available
167005,TCL,43P7K,LCD (LED),42.5,42,50.5,220.0,4.5,Available
167007,LG,OLED97G5PSA,OLED,96.5,96,228.0,835.0,5.5,Available
167008,LG,OLED97G56LA,OLED,96.5,96,228.0,835.0,5.5,Available
167009,LG,OLED97M5PSA,OLED,96.5,96,253.0,926.0,5.0,Available
167010,LG,OLED97M56LA,OLED,96.5,96,253.0,926.0,5.0,Available
167016,SAMSUNG ELECTRONICS,UA43TU8000W,LCD (LED),42.5,42,69.0,255.0,4.0,Available
167018,SAMSUNG ELECTRONICS,UA75TU8000W,LCD (LED),74.6,75,154.0,565.0,5.0,Available
167019,SAMSUNG,QA65LS03FWW,LCD (LED),64.5,64,154.0,565.0,4.0,Available
167021,SAMSUNG,QA83S95FAE,LCD (LED),82.5,82,248.0,908.0,4.0,Available
167024,SAMSUNG,QA85Q8FAAW,LCD (LED),84.6,85,196.0,718.0,5.0,Available
167025,SAMSUNG,QA75Q8FAAW,LCD (LED),74.5,74,181.0,664.0,4.5,Available
167027,SAMSUNG,QA65Q8FAAW,LCD (LED),64.5,64,122.0,448.0,5.0,Available
167029,SAMSUNG,QA55Q8FAAW,LCD (LED),54.6,55,79.0,291.0,5.5,Available
167031,SAMSUNG,QA50Q8FAAW,LCD (LED),49.5,50,75.0,277.0,5.0,Available
167032,SAMSUNG,QA43Q8FAAW,LCD (LED),42.5,42,68.0,251.0,4.0,Available
167174,SONY,K-98XR50,LCD (LED),97.5,98,356.4,1306.0,3.5,Available
167179,SAMSUNG,QA55QN80FAW,LCD (LED),54.6,55,107.0,394.0,4.0,Available
167181,SAMSUNG,QA50QN80FAW,LCD (LED),50.1,50,100.0,368.0,4.0,Available
167182,SAMSUNG,QA75QN80FAW,LCD (LED),74.5,74,204.0,748.0,4.0,Available
167183,SAMSUNG,QA85QN80FAW,LCD (LED),84.6,85,248.0,908.0,4.0,Available
167194,LG,100QNED86A6,LCD (LED),99.5,100,260.0,952.0,5.5,Available
167202,LG,100QNED86AS,LCD (LED),99.5,100,260.0,952.0,5.5,Available
167235,SAMSUNG,QA55QN85FAW,LCD (LED),54.6,55,111.0,408.0,4.0,Available
167238,SKYWORTH,24LP60G,LCD (LED),23.8,24,16.33,76.0,5.5,Available
167239,SAMSUNG,QA65QN85FAW,LCD (LED),64.5,64,140.0,514.0,4.5,Available
167240,SAMSUNG,QA75QN85FAW,LCD (LED),74.5,74,166.0,609.0,5.0,Available
167242,SAMSUNG,QA85QN85FAW,LCD (LED),84.6,85,211.0,773.0,5.0,Available
167244,SAMSUNG,QA50LS03FAW,LCD (LED),49.5,50,92.0,339.0,4.0,Available
167245,SAMSUNG,QA65LS03FAW,LCD (LED),64.5,64,153.0,562.0,4.0,Available
167247,SAMSUNG,QA75LS03FWW,LCD (LED),74.5,74,189.0,693.0,4.0,Available
167249,SAMSUNG,QA85LS03FWW,LCD (LED),84.6,85,220.0,806.0,4.5,Available
167250,SAMSUNG,QA50QN90FAW,LCD (LED),49.5,50,77.0,284.0,5.0,Available
167265,MONSTER,MT24HDNFB,LCD (LED),23.6,24,15.38,59.0,6.0,Available
167317,MONSTER,MT32HDNFB,LCD (LED),31.5,32,15.87,60.0,8.0,Available
167343,SAMSUNG,QA55Q7FAAW,LCD (LED),54.6,55,84.0,310.0,5.0,Available
167356,SAMSUNG,QA65Q7FAAW,LCD (LED),64.5,64,117.0,430.0,5.0,Available
167367,SAMSUNG,QA65QN990FW,LCD (LED),64.5,64,259.0,948.0,1.5,Available
167369,SAMSUNG,QA85QN990FW,LCD (LED),84.6,85,330.0,1208.0,3.0,Available
167370,SAMSUNG,QA75Q7FAAW,LCD (LED),74.5,74,143.0,525.0,5.5,Available
167371,SAMSUNG,QA85Q7FAAW,LCD (LED),84.6,85,187.0,686.0,5.5,Available
167372,SAMSUNG,QA100QN80FW,LCD (LED),99.5,100,282.0,1032.0,5.0,Available
167411,AIWA,AWS550G,LCD (LED),54.6,55,65.43,258.0,6.0,Available
167414,LG,55UA7350PSB,LCD (LED),54.6,55,91.0,334.0,5.0,Available
167429,LG,50UA7350PSB,LCD (LED),49.5,50,81.0,297.0,4.5,Available
167430,LG,86UA8450PSA,LCD (LED),85.6,86,155.0,568.0,6.0,Available
167431,LG,43UA7350PSB,LCD (LED),42.5,42,66.0,242.0,4.5,Available
167432,LG,75UA8450PSA,LCD (LED),74.5,74,137.0,502.0,5.5,Available
167433,LG,65UA7350PSB,LCD (LED),64.5,64,115.0,422.0,5.0,Available
167434,LG,50QNED80ASA,LCD (LED),49.5,50,68.0,251.0,5.5,Available
167435,LG,75QNED86A6A,LCD (LED),74.5,74,106.0,389.0,7.0,Available
167437,EMETE,EME-5501TE,LCD (LED),54.6,55,104.8,391.0,4.0,Available
167438,EMETE,EME-6501TE,LCD (LED),64.5,64,110.08,415.0,5.5,Available
167439,EMETE,EME-7501TE,LCD (LED),74.5,74,175.6,650.0,4.5,Available
167440,EMETE,EME-8501TE,LCD (LED),84.6,85,199.69,740.0,5.0,Available
167441,EMETE,EME-1001TE,LCD (LED),99.5,100,320.0,1201.0,4.0,Available
167445,BAUHN,ATV43FHDW-0325,LCD,43.1,43,39.8,172.0,6.0,Available
167555,SAMSUNG,QA75QN990FW,LCD (LED),74.5,74,285.0,1043.0,2.5,Available
167556,SAMSUNG,QA55QN1EFAW,LCD (LED),54.6,55,112.0,412.0,4.0,Available
167558,SAMSUNG,QA65QN1EFAW,LCD (LED),64.5,64,131.0,481.0,4.5,Available
167559,SAMSUNG,QA75QN1EFAW,LCD (LED),74.5,74,178.0,653.0,4.5,Available
167560,SAMSUNG,QA85QN1EFAW,LCD (LED),84.6,85,220.0,806.0,4.5,Available
167604,TCL,85P7K,LCD (LED),84.6,85,186.5,826.0,4.5,Available
167634,TCL,65C8K,LCD (LED),64.5,64,107.4,450.0,5.0,Available
167635,TCL,75C8K,LCD (LED),74.5,74,128.9,547.0,5.5,Available
167637,TCL,98C8K,LCD (LED),97.5,98,165.6,769.0,6.0,Available
167651,LG,OLED83B5PSA,OLED,82.5,82,151.0,554.0,6.0,Available
167652,LG,OLED83B56LA,OLED,82.5,82,151.0,554.0,6.0,Available
167694,TCL,75P7K,LCD (LED),74.5,74,104.7,460.0,6.0,Available
155646,EKO,K400FGT,LCD,39.7,40,50.5,186.0,5.0,Available
167720,EKO,K50USW3,LCD (LED),49.5,50,69.5,284.0,5.0,Available
167749,KOGAN,KALED55U95TA,LCD (LED),54.6,55,65.43,258.0,6.0,Available
167751,BLAUPUNKT,BP400FTS,LCD,39.5,40,59.75,230.0,4.0,Available
167753,EKO,K40FST,LCD,39.5,40,59.75,230.0,4.0,Available
167783,LG,65UA8450PSA,LCD (LED),64.5,64,118.0,433.0,5.0,Available
167807,KOGAN,KAL24DH5400QA,LCD (LED),23.5,24,20.83,85.0,5.0,Available
167795,LG,65QNED93ASA,LCD (LED),64.5,64,159.1,678.0,3.0,Available
167828,LG,75QNED93ASA,LCD (LED),74.5,74,190.2,806.0,3.5,Available
167832,HISENSE,40A4QAU,LCD (LED),39.5,40,28.17,121.0,7.0,Available
167833,HISENSE,32A4QAU,LCD (LED),31.5,32,22.07,89.0,6.0,Available
167834,HISENSE,43Q6QAU,LCD (LED),42.5,42,51.09,203.0,5.0,Available
167835,HISENSE,50Q6QAU,LCD (LED),49.5,50,59.02,239.0,5.5,Available
167836,HISENSE,55Q6QAU,LCD (LED),54.6,55,62.0,259.0,6.0,Available
167837,HISENSE,65Q6QAU,LCD (LED),64.5,64,98.86,399.0,5.5,Available
167838,HISENSE,75Q6QAU,LCD (LED),74.5,74,117.04,479.0,6.0,Available
167839,HISENSE,85Q6QAU,LCD (LED),84.6,85,177.89,698.0,5.5,Available
167840,HISENSE,65U7QAU,LCD (LED),64.5,64,115.94,465.0,5.0,Available
167841,HISENSE,75U7QAU,LCD (LED),74.5,74,145.91,579.0,5.0,Available
167842,HISENSE,85U7QAU,LCD (LED),84.6,85,186.38,759.0,5.0,Available
167843,HISENSE,100U7QAU,LCD (LED),99.5,100,222.34,888.0,5.5,Available
167844,LG,85QNED93ASA,LCD (LED),84.6,85,225.8,952.0,4.0,Available
167940,EKO,K70USTW,LCD (LED),69.5,70,147.1,690.0,3.5,Available
167969,COOCAA,32E5500H,LCD (LED),31.5,32,24.3,100.0,6.0,Available
168010,JVC,LT-40NQ5155A,LCD (LED),39.5,40,32.46,151.0,6.0,Available
168011,LINSAR,LS70UHDNF23,LCD (LED),69.5,70,108.29,397.0,6.0,Available
168014,JVC,AV-AQ405165A,LCD (LED),42.5,42,47.04,194.0,5.5,Available
168016,JVC,AV-A557155A,LCD (LED),54.6,55,112.38,466.0,3.5,Available
168017,JVC,AV-AE557155A,LCD (LED),55.1,55,75.48,302.0,5.5,Available
168018,JVC,AV-A657155A,LCD (LED),64.5,64,156.42,640.0,3.5,Available
168019,JVC,AV-AE657155A,LCD (LED),65.3,65,107.58,448.0,5.0,Available
168020,EKO,K320HGPB,LCD (LED),31.5,32,32.4,127.0,5.0,Available
168053,LINSAR,LS60UHDNF25,LCD,60.1,60,86.09,320.0,6.0,Available
168069,AIWA,AWC400W,LCD,39.5,40,33.1,123.0,6.0,Available
168071,PHILIPS,55PQT9020/79,LCD (LED),54.6,55,136.1,532.0,3.0,Available
168094,SAMSUNG,QA43Q7FAAW,LCD (LED),42.5,42,68.0,251.0,4.0,Available
168096,SAMSUNG,QA50Q7FAAW,LCD (LED),49.5,50,79.0,291.0,4.5,Available
168114,TCL,98C7K,LCD (LED),97.5,98,164.0,800.0,6.0,Available
168232,LG,55QNED70A6A,LCD (LED),54.6,55,92.0,338.0,5.0,Available
168233,LG,55QNED70ASA,LCD (LED),54.6,55,92.0,338.0,5.0,Available
168234,LG,65QNED70A6A,LCD (LED),64.5,64,118.0,433.0,5.0,Available
168235,LG,65QNED70ASA,LCD (LED),64.5,64,118.0,433.0,5.0,Available
168244,TOSHIBA,55Z670RP,LCD (LED),54.6,55,75.21,305.0,5.5,Available
168245,TOSHIBA,65Z670RP,LCD (LED),64.5,64,105.39,416.0,5.5,Available
168246,TOSHIBA,75Z670RP,LCD (LED),74.5,74,121.59,489.0,6.0,Available
168247,TOSHIBA,85Z670RP,LCD (LED),84.6,85,171.81,688.0,5.5,Available
168269,SAMSUNG,QA55QN3EFAW,LCD (LED),54.6,55,113.0,416.0,4.0,Available
168298,PHILIPS,65OLED789/98,OLED,64.5,64,122.5,493.0,4.5,Available
168270,SAMSUNG,QA65QN3EFAS,LCD (LED),64.5,64,136.0,499.0,4.5,Available
168365,PHILIPS,55OLED789/98,OLED,54.6,55,97.0,391.0,4.0,Available
168376,SAMSUNG ELECTRONICS,QA65LST7TAW,LCD (LED),64.5,64,271.0,992.0,1.5,Available
168377,SAMSUNG ELECTRONICS,QA75LST7TAW,LCD (LED),74.5,74,340.0,1244.0,1.5,Available
168380,BAUHN,ATV75UHDT-0725,LCD,74.5,74,130.5,485.0,6.0,Available
167231,SAMSUNG,UA75U8000FW,LCD (LED),74.5,74,136.0,499.0,5.5,Available
167230,SAMSUNG,UA65UE100FS,LCD (LED),64.5,64,113.0,416.0,5.5,Available
167228,SAMSUNG,UA55U8500FW,LCD (LED),54.6,55,79.0,291.0,5.5,Available
167213,SAMSUNG,UA43UE100FS,LCD (LED),42.5,42,68.0,251.0,4.0,Available
167216,SAMSUNG,UA50U8000FW,LCD (LED),49.5,50,71.0,262.0,5.0,Available
167232,SAMSUNG,UA85UE100FS,LCD (LED),84.6,85,142.0,521.0,6.0,Available
168452,FFALCON,FF43U65,LCD (LED),42.5,42,42.7,175.0,5.5,Available
168453,FFALCON,FF50U65,LCD (LED),49.5,50,50.0,205.0,6.0,Available
168454,FFALCON,FF55U65,LCD (LED),54.6,55,64.3,261.0,6.0,Available
168455,FFALCON,FF65U65,LCD (LED),64.5,64,77.1,320.0,6.0,Available
168456,FFALCON,FF75U65,LCD (LED),74.5,74,97.2,400.0,6.0,Available
168465,HISENSE,55U7N series,LCD (LED),54.6,55,92.78,379.0,4.5,Available
168520,COOCAA,55G6500H,LCD (LED),54.6,55,67.9,280.0,5.5,Available
168672,SAMSUNG,QA98QN990FW,LCD (LED),97.5,98,358.0,1310.0,3.5,Available
168733,KOGAN,KALED50U95VA,LCD (LED),49.5,50,60.48,247.0,5.5,Available
168795,TCL,85X11K,LCD (LED),84.6,85,239.2,980.0,3.5,Available
168796,TCL,115C7K,LCD (LED),114.5,114,280.0,1100.0,6.0,Available
168799,AKAI,AK4022S7WOS,LCD,39.5,40,36.26,150.0,6.0,Available
168800,TCL,32S5K,LCD (LED),31.5,32,25.4,130.0,5.0,Available
168801,TCL,40S5K,LCD (LED),39.5,40,30.3,140.0,6.0,Available
168804,SKYWORTH,SW55G4F,LCD (LED),54.6,55,64.3,260.0,6.0,Available
168848,LG,32LR655BPSA,LCD (LED),31.5,32,30.0,112.0,5.5,Available
168852,HISENSE,65Q7QAU,LCD (LED),64.5,64,104.99,416.0,5.5,Available
168853,HISENSE,75Q7QAU,LCD (LED),74.5,74,122.25,489.0,6.0,Available
168854,HISENSE,85Q7QAU,LCD (LED),84.6,85,175.06,698.0,5.5,Available
168855,HISENSE,100Q7QAU,LCD (LED),99.5,100,238.44,955.0,5.5,Available
168867,KOGAN,KAQL85WQ98GSVA,LCD (LED),84.6,85,216.3,863.0,4.5,Available
168888,SVISION,SV500FTS,LCD (LED),49.5,50,47.9,224.0,6.0,Available
168955,ZEN TV,ZEN 3202,LCD (LED),31.4,31,35.97,134.0,4.5,Available
168964,ZEN TV,ZEN2401,LCD,24.0,24,21.55,81.0,5.0,Available
168984,HISENSE,65U8QAU,LCD (LED),64.5,64,129.15,520.0,4.5,Available
168985,HISENSE,75U8QAU,LCD (LED),74.5,74,169.46,679.0,4.5,Available
168986,HISENSE,85U8QAU,LCD (LED),84.6,85,191.41,780.0,5.0,Available
169009,LG,75QNED70A6A,LCD (LED),74.5,74,165.0,605.0,5.0,Available
169010,LG,75QNED70ASA,LCD (LED),74.5,74,165.0,605.0,5.0,Available
169012,CHIQ,U75M10F,LCD,74.5,74,136.1,532.0,5.5,Available
169038,AIWA,AWS650WG,LCD (LED),64.5,64,97.1,357.0,6.0,Available
169048,ZEN TV,ZEN 2402,LCD,23.4,23,23.82,90.0,4.5,Available
169104,RCA,RT-24G01A,LCD,23.4,23,23.89,90.0,4.5,Available
169114,KOGAN,KAQL75WQ98GSVA,LCD (LED),74.5,74,130.8,542.0,5.5,Available
169165,AKAI,AK40FHDZEN,LCD (LED),39.5,40,36.9,137.0,6.0,Available
169168,KOGAN,KAQL75MQ8TA,LCD (LED),74.5,74,135.9,531.0,5.5,Available
169171,COOCAA,40E5500H,LCD (LED),39.5,40,32.9,135.0,6.0,Available
169170,KOGAN,KAQL65MQ8TA,LCD (LED),64.5,64,109.1,436.0,5.0,Available
169172,VEON,VNG3F55,LCD (LED),54.6,55,57.9,304.0,5.5,Available
169173,SKYWORTH,40E5500H,LCD (LED),39.5,40,32.3,140.0,6.0,Available
169174,LG,32LR650BPSA,LCD (LED),31.5,32,30.0,112.0,5.5,Available
169197,KOGAN,KAQL55MQ8TA,LCD (LED),54.6,55,93.2,378.0,4.5,Available
169203,LINSAR,LS24HDNFB,LCD (LED),23.6,24,15.38,59.0,6.0,Available
169204,LINSAR,LS32HDNFB,LCD (LED),31.5,32,15.87,60.0,8.0,Available
169283,CHIQ,L40M10,LCD (LED),39.5,40,35.2,152.0,5.5,Available
169285,CHIQ,L32M10,LCD (LED),31.5,32,24.2,112.0,5.5,Available
169286,CHIQ,U65QM10,LCD (LED),64.5,64,136.6,520.0,4.5,Available
169287,CHIQ,U65M10F,LCD (LED),64.5,64,94.1,371.0,6.0,Available
169288,CHIQ,L40G5AU,LCD (LED),39.5,40,36.5,148.0,6.0,Available
169300,PANASONIC,TV-55W95BGZ,LCD (LED),54.6,55,78.3,316.0,5.0,Available
169302,PANASONIC,TV-65W95BGZ,LCD (LED),64.5,64,100.68,406.0,5.5,Available
169305,PANASONIC,TV-75W95BGZ,LCD (LED),74.5,74,102.6,413.0,6.0,Available
169306,PANASONIC,TV-85W95BGZ,LCD (LED),84.6,85,125.64,506.0,6.0,Available
169310,DGTEC,DG70UHDW22041,LCD,69.5,70,108.294,397.0,6.0,Available
169322,AIWA,AWS400G2,LCD (LED),39.5,40,35.2,152.0,5.5,Available
169348,KOGAN,KALED55U95TB,LCD (LED),54.6,55,108.4,441.0,3.5,Available
169349,KOGAN,KAQL32FQ9TA,LCD (LED),31.5,32,27.1,116.0,5.5,Available
169352,TCL,98X11K,LCD (LED),97.5,98,313.1,1350.0,3.5,Available
169398,KOGAN,KAOD55X98JSVA,LCD (LED),54.6,55,96.66,422.0,4.0,Available
169399,KOGAN,KAOD65X98JSVA,LCD (LED),64.5,64,105.84,448.0,5.0,Available
169403,FFALCON,FF32S55,LCD (LED),31.5,32,25.4,130.0,5.0,Available
169404,FFALCON,FF40S55,LCD (LED),39.5,40,30.3,140.0,6.0,Available
169442,PANASONIC,TN-32S60BGZ,LCD (LED),31.5,32,21.68,89.0,6.0,Available
169443,PANASONIC,TN-43S60BGZ,LCD (LED),42.5,42,35.67,145.0,6.0,Available
169463,SAMSUNG,BE43FX-H,LCD (LED),42.5,42,68.0,251.0,4.0,Available
169453,SAMSUNG,BE50FX-H,LCD (LED),49.5,50,71.0,262.0,5.0,Available
169466,SAMSUNG,BE55FX-H,LCD (LED),54.6,55,79.0,291.0,5.5,Available
169473,SKYWORTH,SW43G3F,LCD (LED),42.5,42,54.9,212.0,5.0,Available
169474,SKYWORTH,SW55G3F,LCD (LED),54.6,55,64.6,260.0,6.0,Available
169169,SKYWORTH,85Q6600H,LCD (LED),85.6,86,181.9,730.0,5.0,Available
169483,BAUHN,ATV50UHDT-0825,LCD (LED),49.5,50,56.59,220.0,6.0,Available
169491,SYLVOX,OT55A6KOEC,LCD,54.6,55,79.95,300.0,5.5,Available
169500,HISENSE,55U6QAU PRO,LCD (LED),54.6,55,100.24,399.0,4.0,Available
169501,HISENSE,65U6QAU PRO,LCD (LED),64.5,64,110.31,439.0,5.0,Available
169502,HISENSE,75U6QAU PRO,LCD (LED),74.5,74,133.21,539.0,5.5,Available
169503,HISENSE,85U6QAU PRO,LCD (LED),84.6,85,154.51,618.0,6.0,Available
169504,HISENSE,100U6QAU PRO,LCD (LED),99.5,100,248.33,988.0,5.0,Available
169508,SAMSUNG,BE65FX-H,LCD (LED),64.5,64,113.0,416.0,5.5,Available
169509,SAMSUNG,BE75FX-H,LCD (LED),74.5,74,136.0,499.0,5.5,Available
169512,SAMSUNG,BE85FX-H,LCD (LED),84.6,85,142.0,521.0,6.0,Available
169537,PANASONIC,TV-55Z95BGZ,OLED,54.6,55,83.4,338.0,5.0,Available
169538,PANASONIC,TV-65Z95BGZ,OLED,64.5,64,95.8,388.0,5.5,Available
169539,PANASONIC,TV-77Z95BGZ,OLED,76.7,77,101.9,413.0,7.0,Available
169540,PANASONIC,TV-77Z90BGZ,OLED,76.7,77,136.8,553.0,5.5,Available
169546,SKYWORTH,75Q6600H,LCD (LED),74.5,74,147.3,590.0,5.0,Available
169547,SKYWORTH,SW65G4F,LCD (LED),64.5,64,121.6,490.0,4.5,Available
169599,SAMSUNG,HG43U800FAW,LCD (LED),42.5,42,66.0,244.0,4.0,Available
169600,SAMSUNG,HG50U800FAW,LCD (LED),49.5,50,73.0,270.0,5.0,Available
169602,SAMSUNG,HG55U800FAW,LCD (LED),54.6,55,81.0,299.0,5.5,Available
169605,SAMSUNG,HG65U800FAW,LCD (LED),64.5,64,103.0,379.0,5.5,Available
169604,SAMSUNG,HG75U800FAW,LCD (LED),74.5,74,140.0,514.0,5.5,Available
169625,SAMSUNG,HG85U800FAW,LCD (LED),84.6,85,164.0,602.0,6.0,Available
169686,CHIQ,U43QM10,LCD (LED),42.5,42,53.7,214.0,5.0,Available
169695,SYLVOX,OT65A6KOEC,LCD,64.5,64,104.68002,390.0,5.5,Available
169696,SYLVOX,OT75A6KOEC,LCD,74.5,74,134.5602,495.0,5.5,Available
169704,CHIQ,U50QM10,LCD (LED),49.5,50,66.2,265.0,5.0,Available
169705,CHIQ,U55M10F,LCD (LED),54.6,55,74.4,295.0,5.5,Available
169706,CHIQ,U75QM10,LCD (LED),74.5,74,136.6,543.0,5.5,Available
169746,LG,43UK660H0LA,LCD (LED),42.5,42,46.0,170.0,6.0,Available
169747,LG,50UK660H0LA,LCD (LED),49.5,50,53.0,196.0,6.0,Available
169748,LG,55UK660H0LA,LCD (LED),54.6,55,54.0,200.0,7.0,Available
169749,LG,65UK660H0LA,LCD (LED),64.5,64,67.0,247.0,7.0,Available
169820,LINSAR,LS85UHDZEN25S,LCD (LED),84.6,85,163.7,615.0,6.0,Available
169847,SKYWORTH,65X8700G,LCD (LED),64.5,64,111.6,450.0,5.0,Available
169849,AKAI,AK40FHDZEN,LCD (LED),39.5,40,36.9,137.0,6.0,Available
169850,AKAI,AK50UHDZEN,LCD (LED),49.5,50,59.84,221.0,6.0,Available
170005,KOGAN,KALED43U95VA,LCD (LED),42.5,42,63.12,269.0,4.0,Available
170006,KOGAN,KAQL65XQ98GSVA,LCD (LED),64.5,64,157.32,634.0,3.5,Available
170051,SKYWORTH,55Q7700G,LCD (LED),54.6,55,71.1,304.0,5.5,Available
170053,SKYWORTH,43E5500H,LCD (LED),42.5,42,36.6,173.0,6.0,Available
170054,SKYWORTH,65Q7700G,LCD (LED),64.5,64,118.6,465.0,5.0,Available
170075,EKO,K75USTW,LCD (LED),74.5,74,142.18,682.0,4.5,Available
170107,KOGAN,KALD24DH67NA,LCD,23.6,24,22.3,83.0,5.0,Available
170147,SAMSUNG,QA115QN90FW,LCD (LED),114.5,114,428.0,1565.0,4.5,Available
170148,KOGAN,KALD24D97SNA,LCD,23.6,24,22.0,83.0,5.0,Available
170151,JVC,LT-42NQ5155AJ,LCD (LED),41.5,42,49.21,200.0,5.0,Available
170150,KOGAN,KALD32D97SNA,LCD,31.5,32,35.2,131.0,5.0,Available
170251,AOA,LTG43UHD,LCD (LED),42.5,42,50.04,185.0,5.5,Available
165781,SAMSUNG,UA32F6000FW,LCD (LED),31.5,32,36.0,134.0,4.5,Available
170277,LG,OLED48G5PSA,OLED,47.5,48,62.0,229.0,5.5,Available
170278,LG,OLED48G56LS,OLED,47.5,48,62.0,229.0,5.5,Available
170311,SKYWORTH,32LP70G,LCD (LED),31.5,32,32.4,127.0,5.0,Available
170319,ENGLAON,LED55M10,LCD (LED),54.6,55,143.5,530.0,3.0,Available
170419,BLAUPUNKT,BP24WOSDVD,LCD (LED),23.8,24,23.55,88.0,4.5,Available
170530,KOGAN,KAQL55T97QA,LCD,54.6,55,110.95,427.0,4.0,Available
170531,KOGAN,KAQL65T97QA,LCD,64.5,64,162.79,651.0,3.5,Available
170563,VEON,VNG3F5025,LCD (LED),49.5,50,54.9,222.0,6.0,Available
170567,JVC,JVG4F5025,LCD (LED),49.5,50,54.9,255.0,5.5,Available
170569,JVC,JVG4F5525,LCD (LED),54.6,55,63.9,304.0,5.5,Available
170686,VEON,VNG3F7525,LCD (LED),74.5,74,122.8,547.0,5.5,Available
170687,JVC,JVG4F6525,LCD (LED),64.5,64,107.6,415.0,5.5,Available
170688,VEON,VNG3F6525,LCD (LED),64.5,64,96.9,390.0,5.5,Available
170722,COOCAA,50G6500H,LCD (LED),49.5,50,55.3,230.0,5.5,Available
170724,EKO,K43FST,LCD (LED),42.8,43,50.0,184.0,5.5,Available
170786,HISENSE,100U8QAU,LCD (LED),99.5,100,259.29,1028.0,5.0,Available
170787,HISENSE,100UXAU,LCD (LED),99.5,100,268.08,1058.0,5.0,Available
170788,HISENSE,116UXAU,LCD (LED),115.5,116,303.84,1148.0,6.0,Available
170814,LG,65UK760H0SD,LCD (LED),64.5,64,126.0,462.0,5.0,Available
170862,HYUNDAI,H75UHDQLDZEN,LCD (LED),74.5,74,122.94,451.0,6.0,Available
170908,COOCAA,60G6500H,LCD (LED),60.1,60,68.2,300.0,6.0,Available
170963,PANASONIC,TN-50W68BGZ,LCD (LED),49.5,50,72.7,295.0,4.5,Available
171050,LG,55UK767H0SA,LCD (LED),54.6,55,80.0,295.0,5.5,Available
171058,SAMSUNG,HG43U700FAW,LCD (LED),42.5,42,58.0,215.0,5.0,Available
171065,SAMSUNG,HG50U700FAW,LCD (LED),49.5,50,66.0,244.0,5.5,Available
171080,KOGAN,KAL40F98TA,LCD (LED),39.5,40,40.4,167.0,5.5,Available
171085,SAMSUNG,HG55U700FAW,LCD (LED),54.6,55,68.0,251.0,6.0,Available
171086,SAMSUNG,HG65U700FAW,LCD (LED),64.5,64,95.0,350.0,6.0,Available
171087,SAMSUNG,HG75U700FAW,LCD (LED),74.5,74,118.0,434.0,6.0,Available
171115,DGTEC,DG55UHDW-23352,LCD,54.5,54,70.0,270.0,6.0,Available
171125,PANASONIC,TN-43W68BGZ,LCD (LED),42.5,42,55.9,227.0,4.5,Available
171136,PANASONIC,TN-55W68BGZ,LCD (LED),54.6,55,73.9,299.0,5.5,Available
171138,PANASONIC,TN-65W68BGZ,LCD (LED),64.5,64,111.9,452.0,5.0,Available
171140,PANASONIC,TN-75W68BGZ,LCD (LED),74.5,74,160.3,646.0,4.5,Available
171323,AIWA,AWCD24DW,LCD (LED),23.8,24,23.55,88.0,4.5,Available
171366,KOGAN,KAQL50Q97TA,LCD (LED),49.5,50,102.2,422.0,3.0,Available
171415,EKO,K430FGT,LCD,42.6,43,45.012,196.0,5.0,Available
166500,BAUHN,ATV70UHDW-0625,LCD (LED),69.5,70,108.29,397.0,6.0,Available
171487,KOGAN,KAQL55Q97TA,LCD (LED),54.6,55,129.3,513.0,3.0,Available
171489,KOGAN,KAQL65Q97TA,LCD (LED),64.5,64,180.8,696.0,3.0,Available
171492,KOGAN,KALED75U95TB,LCD (LED),74.5,74,171.0,685.0,4.5,Available
171497,KOGAN,KAL32R98TA,LCD (LED),31.5,32,27.7,116.0,5.5,Available
171501,LG,65UK762H0LB,LCD (LED),64.5,64,106.0,389.0,5.5,Available
171503,LG,43UK762H0LB,LCD (LED),42.5,42,65.0,240.0,4.5,Available
171505,LG,50UK762H0LB,LCD (LED),49.5,50,68.0,251.0,5.5,Available
171506,LG,55UK762H0LB,LCD (LED),54.6,55,95.0,349.0,4.5,Available
171507,TENET,T-185J201,LCD (LED),18.5,18,15.3,58.0,5.0,Available
171627,SKYWORTH,60Q6600H,LCD (LED),60.1,60,69.3,280.0,6.0,Available
171630,JVC,LT-43NQ5165A,LCD (LED),42.5,42,38.4,163.0,6.0,Available
170941,DGTEC,DG70UHDW-22795,LCD (LED),69.5,70,108.29,397.0,6.0,Available
171697,LG,43UA841C0SA,LCD (LED),42.5,42,70.0,258.0,4.0,Available
171698,LG,50UA841C0SA,LCD (LED),49.5,50,83.0,305.0,4.5,Available
171699,LG,55UA841C0SA,LCD (LED),54.6,55,92.0,338.0,5.0,Available
171700,LG,65UA841C0SA,LCD (LED),64.5,64,118.0,433.0,5.0,Available
171701,LG,43UK767H0LB,LCD (LED),42.5,42,62.0,229.0,4.5,Available
171702,BAUHN,ATV75UHDW-0925,LCD,74.5,74,128.89,485.0,6.0,Available
171703,LG,50UK767H0LB,LCD (LED),49.5,50,54.0,200.0,6.0,Available
171704,LG,55UK767H0LB,LCD (LED),54.6,55,55.0,203.0,7.0,Available
171705,LG,65UK767H0LB,LCD (LED),64.5,64,69.0,254.0,7.0,Available
171004,BLAUPUNKT,BP550USG60100,LCD,54.6,55,133.926,530.0,3.0,Available
171005,BLAUPUNKT,BP650USG60100,LCD,64.6,65,157.044,640.0,3.5,Available
171839,KOGAN,KALED43U95TA,LCD (LED),42.5,42,66.3,258.0,4.0,Available
171841,JVC,LT-32NQ3165A,LCD (LED),31.5,32,25.26,110.0,5.5,Available
171844,KOGAN,KAL24DH5400VA,LCD (LED),23.6,24,23.0,94.0,4.5,Available
171877,DGTEC,DG55UHDW-22858,LCD,54.5,54,70.0,270.0,6.0,Available
171894,LINSAR,LS70UHDNF23,LCD (LED),69.5,70,108.294,397.0,6.0,Available
171930,VEON,VNG3FN6025,LCD (LED),60.1,60,61.9,250.0,7.0,Available
171931,VEON,VNMHDV4025,LCD (LED),39.7,40,40.25,165.0,5.5,Available
171942,AIWA,AWCD32DW,LCD (LED),31.5,32,33.5,125.0,5.0,Available
171948,COOCAA,32E5500H,LCD (LED),31.5,32,24.3,100.0,6.0,Available
171972,KOGAN,KALED50U95TA,LCD (LED),49.5,50,80.1,349.0,4.0,Available
172018,COOCAA,40E5500H,LCD (LED),39.5,40,32.9,135.0,6.0,Available
172019,COOCAA,50G6500H,LCD (LED),49.5,50,55.3,230.0,5.5,Available
172020,COOCAA,55G6500H,LCD (LED),54.6,55,67.9,280.0,5.5,Available
172021,COOCAA,60G6500H,LCD (LED),60.1,60,68.2,300.0,6.0,Available
172072,KOGAN,KAQL70T97QA,LCD,69.5,70,139.61,538.0,5.0,Available
172062,DIGITECH,GH5200,LCD,23.8,24,21.64,81.0,5.0,Available
172114,AKAI,AK65UHDZEN,LCD (LED),64.5,64,94.374,347.0,6.0,Available
172061,DIGITECH,GH5202,LCD,31.3,31,35.04,130.0,4.5,Available
172180,JVC,JVG4F7525,LCD (LED),74.5,74,137.2,540.0,5.5,Available
172201,DIGITECH,GH5204,LCD,18.6,19,14.89,56.0,5.5,Available
172202,DIGITECH,GH5220,LCD,18.6,19,21.71,81.0,3.5,Available
172203,DIGITECH,GH5222,LCD,23.8,24,25.17,94.0,4.5,Available
172204,DIGITECH,GH5224,LCD,31.3,31,24.52,92.0,6.0,Available
172207,SAMSUNG ELECTRONICS,UA32T5300A,LCD (LED),31.5,32,31.0,116.0,5.5,Available
172238,LG,75UK767H0LB,LCD (LED),74.5,74,147.0,539.0,5.5,Available
172317,QBELL,QTU70T,LCD (LED),69.5,70,108.02,430.0,6.0,Available
172318,TELEFUNKEN,TL400TQ,LCD (LED),39.5,40,43.5,167.0,5.5,Available
172378,LG,43PK640S0SB,LCD (LED),42.5,42,65.9,242.0,4.5,Available
172392,LG,50PK640S0SB,LCD (LED),49.5,50,81.0,297.0,4.5,Available
172393,LG,55PK640S0SB,LCD (LED),54.6,55,91.0,334.0,5.0,Available
172395,LG,65PK640S0SB,LCD (LED),64.5,64,115.0,422.0,5.0,Available
172396,LG,75PK640S0SA,LCD (LED),74.5,74,136.9,501.0,5.5,Available
172397,LG,86PK640S0SA,LCD (LED),85.6,86,155.0,567.0,6.0,Available
172399,LG,75UA841C0SA,LCD (LED),74.5,74,137.0,502.0,5.5,Available
172400,LG,86UA841C0SA,LCD (LED),85.6,86,155.0,568.0,6.0,Available
172423,KONKA,KDL65CK68QNTS,LCD (LED),64.5,64,122.64,450.0,5.0,Available
172424,KONKA,KDL55CK68QNTS,LCD (LED),54.6,55,88.74,326.0,5.0,Available
172426,KOGAN,KAQL75MQ8ZTA,LCD (LED),74.5,74,193.1,751.0,4.0,Available
172429,KOGAN,KAL24R98TA,LCD (LED),23.6,24,19.2,83.0,5.0,Available
172435,LOEWE,Stellar 55 DR+ OLED,OLED,54.6,55,70.0,258.0,6.0,Available
172436,LOEWE,Stella 65 DR+,OLED,64.6,65,85.0,313.0,6.0,Available
172437,LOEWE,Inspire 48 OLED,OLED,47.5,48,61.0,225.0,5.5,Available
172438,LOEWE,Inspire 55 OLED,OLED,54.6,55,76.5,281.0,5.5,Available
172439,LOEWE,Inspire 65 OLED,OLED,64.6,65,98.0,360.0,6.0,Available
172440,LOEWE,Stellar 42 DR+ OLED,OLED,41.5,42,52.0,192.0,5.0,Available
172441,LOEWE,Stellar 48 DR+ OLED,OLED,47.5,48,58.0,214.0,5.5,Available
172486,SAMSUNG,QA98Q7FAAW,LCD (LED),97.5,98,293.0,1073.0,4.5,Available
172498,BAUHN,ATV40FHDW-1125,LCD,39.6,40,34.7,150.0,6.0,Available
172500,TELEFUNKEN,TL320TQ,LCD (LED),31.5,32,38.12,145.0,4.5,Available
172681,JVC,LT-55NQ7165A,LCD (LED),55.3,55,58.7,247.0,6.0,Available
172723,KOGAN,KAQL55MQ8ZTA,LCD (LED),54.6,55,131.3,513.0,3.0,Available
172724,KOGAN,KAQL65MQ8ZTA,LCD (LED),64.5,64,120.1,462.0,5.0,Available
172740,COOCAA,85G6500H,LCD (LED),84.5,84,143.6,555.0,6.0,Available
172787,COOCAA,65G6500H,LCD (LED),64.5,64,83.6,330.0,6.0,Available
172867,QBELL,QTU55T,LCD,54.6,55,82.0,302.0,5.5,Available
172870,EKO,K55USTW,LCD,54.6,55,82.0,302.0,5.5,Available
172883,BAUHN,ATV65UHDW-1125,LCD,64.5,64,94.374,357.0,6.0,Available
172884,BAUHN,ATV70UHDT-0126,LCD,69.5,70,110.35,405.0,6.0,Available
173171,SYLVOX,OQ65A3KOHJ,LCD,64.5,64,101.358,400.0,5.5,Available
173172,SYLVOX,OQ75A3KOHJ,LCD,74.5,74,130.692,510.0,5.5,Available
173212,SAMSUNG,HG24F800FAW,LCD (LED),23.8,24,21.0,80.0,5.0,Available
173226,KONKA,KDL40GA683AN-B,LCD,39.4,39,46.1,188.0,5.0,Available
173227,KONKA,KUD50XG684AN-B,LCD,49.4,49,70.7,280.0,5.0,Available
173205,KOGAN,KAQL65MQXTA,LCD (LED),64.5,64,208.5,810.0,2.5,Available
173235,KOGAN,KAQL75MQXTA,LCD (LED),74.5,74,248.3,950.0,3.0,Available
173236,KOGAN,KAQL85MQXTA,LCD (LED),84.6,85,321.3,1350.0,2.5,Available
173258,JVC,AV-AE557155A,OLED,55.1,55,75.48,302.0,5.5,Available
173260,LINSAR,LS65UHDZEN25S,LCD (LED),64.5,64,94.374,347.0,6.0,Available
173261,DGTEC,DG75UHDW-23351,LCD,74.5,74,128.89,485.0,6.0,Available
173269,KONKA,KUD65XG684AN-B,LCD,64.3,64,107.6,460.0,5.0,Available
173272,JVC,LT-65NQ7165A,LCD (LED),64.4,64,66.42,298.0,6.0,Available
173332,LG,55UA731C0SB,LCD (LED),54.6,55,91.0,334.0,5.0,Available
173334,LG,65UA731C0SB,LCD (LED),64.5,64,115.0,422.0,5.0,Available
173352,KONKA,KUD55XG684AN-B,LCD,54.4,54,89.1,336.0,5.0,Available
173400,LG,43UA731C0SB,LCD (LED),42.5,42,66.0,242.0,4.5,Available
173401,SAMSUNG,MRA115MR95F,LCD (LED),114.5,114,464.0,1697.0,4.0,Available
173404,LG,50UA731C0SB,LCD (LED),49.5,50,81.0,297.0,4.5,Available
173462,BLAUPUNKT,BP750USG60100,LCD,74.5,74,211.836,950.0,3.0,Available
173483,KOGAN,KALED60U95TA,LCD (LED),60.1,60,102.0,404.0,5.0,Available
173485,BLAUPUNKT,BP400FTS,LCD,39.5,40,45.3,167.0,5.5,Available
169374,SAMSUNG,QA55Q6FAAW,LCD (LED),54.6,55,78.0,288.0,5.5,Available
169375,SAMSUNG,QA65Q6FAAW,LCD (LED),64.5,64,110.0,405.0,5.5,Available
169481,SAMSUNG,QA85Q6FAAW,LCD (LED),84.6,85,146.0,536.0,6.0,Available
169376,SAMSUNG,QA75Q6FAAS,LCD (LED),74.5,74,134.0,492.0,5.5,Available
173656,AIWA,AWS430QWE,LCD (LED),42.5,42,38.16,163.0,6.0,Available
173795,JVC,LT-40NQ5155A,LCD (LED),39.5,40,32.46,151.0,6.0,Available
173853,TECO,LED24JFRDHU,LCD (LED),23.8,24,17.48,70.0,5.5,Available
173855,TECO,LED19JHRHU,LCD (LED),18.5,18,18.47,75.0,4.0,Available
173859,QBELL,QTU50T,LCD (LED),49.5,50,67.76,255.0,5.5,Available
173867,BAUHN,ATV49FHDT-0126,LCD,49.5,50,52.6,195.0,6.0,Available
173894,EKO,K65USTW,LCD,64.5,64,100.8,372.0,6.0,Available
173952,BLAUPUNKT,BP24TIZDVD,LCD (LED),23.8,24,25.68,96.0,4.5,Available
173954,BLAUPUNKT,BP32TIZDVD,LCD (LED),31.5,32,34.76,129.0,5.0,Available
173976,BLAUPUNKT,BP40TIZDVD,LCD (LED),39.5,40,35.63,132.0,6.0,Available
173697,JVC,AV-BQ557165A,LCD (LED),54.6,55,60.62,247.0,6.0,Available
174026,EKO,K70USTW,LCD (LED),70.0,70,112.33,430.0,6.0,Available
174057,DGTEC,DG70UHDW-23353,LCD (LED),69.5,70,108.29,397.0,6.0,Available
174073,EKO,K320HGT12V,LCD (LED),31.5,32,31.784,130.0,5.0,Available
166773,EKO,K650UGT2,LCD,64.5,64,94.65,580.0,4.0,Available
174141,ALTIUS,AT24HDNFB,LCD (LED),23.6,24,15.38,59.0,6.0,Available
174225,EKO,K75USTW,LCD (LED),74.5,74,100.3,392.0,7.0,Available
174258,AKAI,AK50UHDZEN,LCD (LED),49.5,50,56.59,220.0,6.0,Available
174262,EKO,K750UATW,LCD,74.5,74,195.75,758.0,4.0,Available
174291,KONKA,KDL32GA683AN-B,LCD,31.5,32,33.4,131.0,5.0,Available
174307,AIWA,AWS500WN,LCD (LED),49.5,50,58.95,218.0,6.0,Available
174310,AIWA,AWS55DW,LCD (LED),54.6,55,90.11,332.0,5.0,Available
174315,AIWA,AWS650QWG,LCD (LED),64.5,64,92.39,340.0,6.0,Available
174318,SONY,K-43S20M2,LCD (LED),42.5,42,57.0,214.0,5.0,Available
174319,SONY,K-50S20M2,LCD (LED),49.5,50,65.8,246.0,5.5,Available
174325,SONY,K-55S20M2,LCD (LED),54.6,55,83.6,311.0,5.0,Available
174327,SONY,K-65S20M2,LCD (LED),64.5,64,109.8,407.0,5.5,Available
174328,SONY,K-75S20M2,LCD (LED),74.5,74,133.0,491.0,5.5,Available
174336,BLAUPUNKT,BP320HSG98,LCD,31.5,32,28.0,160.0,4.0,Available
174384,AIWA,AWS550QWE,LCD (LED),54.3,54,60.78,247.0,6.0,Available
174442,JVC,AV-BQ557165AE,LCD (LED),54.3,54,60.78,247.0,6.0,Available
155853,EKO,K320HGT,LCD,31.4,31,34.296,130.0,5.0,Available
174511,SPARK ELECTRONICS,55SPA-Outdoor-TV,LCD (LED),54.6,55,114.75,421.0,4.0,Available
174512,SPARK ELECTRONICS,"65"" Patio Pro",LCD,64.6,65,158.28,582.0,4.0,Available
174513,SPARK ELECTRONICS,"55"" Patio Pro",LCD,54.7,55,127.74,471.0,3.5,Available
174517,KONIC,KKD32TE362AM,LCD (LED),31.5,32,34.8,129.0,5.0,Available
173428,AIWA,AWC240WZ,LCD (LED),23.5,24,26.3,105.0,4.0,Available
174634,SPARK ELECTRONICS,"75"" Patio",LCD,74.5,74,252.5,930.0,3.0,Available
174635,SPARK ELECTRONICS,"86"" Patio",LCD,85.6,86,482.4,1771.0,1.0,Available
174637,SPARK ELECTRONICS,"65"" Lumin",LCD,64.4,64,240.9,890.0,2.0,Available
174639,SPARK ELECTRONICS,"75"" Lumin",LCD,74.5,74,340.8,1255.0,1.5,Available
174687,KOGAN,KAQL100MQXTA,LCD (LED),99.5,100,254.9,1050.0,5.0,Available
174768,LG,55QNED86BSA,LCD (LED),54.6,55,82.0,302.0,5.5,Available
174769,LG,55QNED87B6A,LCD (LED),54.6,55,82.0,302.0,5.5,Available
174770,LG,65QNED86BSA,LCD (LED),64.5,64,100.0,368.0,6.0,Available
174771,LG,65QNED87B6A,LCD (LED),64.5,64,100.0,368.0,6.0,Available
174772,LG,75QNED86BSA,LCD (LED),74.5,74,105.0,386.0,7.0,Available
174773,LG,75QNED87B6A,LCD (LED),74.5,74,105.0,386.0,7.0,Available
174854,PHILIPS,55HFL4025/97,LCD (LED),54.6,55,61.2,270.0,6.0,Available
174855,PHILIPS,55HFL7025/97,LCD (LED),54.6,55,67.5,297.0,5.5,Available
174889,PHILIPS,50HFL4025/97,LCD (LED),49.5,50,47.5,210.0,6.0,Available
174890,PHILIPS,50HFL7025/97,LCD (LED),49.5,50,52.1,230.0,5.5,Available
174891,PHILIPS,65HFL7025/97,LCD (LED),64.5,64,76.6,337.0,6.0,Available
174894,AIWA,AWS500QW,LCD (LED),49.5,50,51.6,210.0,6.0,Available
174901,PHILIPS,32HFL4025/97,LCD (LED),31.5,32,24.7,117.0,5.5,Available
174902,PHILIPS,24HFL4025/97,LCD (LED),23.6,24,20.2,90.0,4.5,Available
174903,PHILIPS,43HFL4025/97,LCD (LED),42.5,42,32.5,192.0,5.5,Available
174904,PHILIPS,43HFL7025/97,LCD (LED),42.5,42,41.5,183.0,5.5,Available
174913,COOCAA,75G6500H,LCD (LED),74.5,74,152.8,590.0,5.0,Available
174915,LG,OLED65B6PSA,OLED,64.5,64,106.0,389.0,5.5,Available
174916,LG,OLED65B66LA,OLED,64.5,64,106.0,389.0,5.5,Available
174934,CHIQ,L24D6CG,LCD (LED),23.6,24,20.0,82.0,5.0,Available
174976,LG,43NU850B6LA,LCD (LED),42.5,42,62.0,229.0,4.5,Available
174977,LG,43NU855BPSA,LCD (LED),42.5,42,62.0,229.0,4.5,Available
174978,LG,55NU850B6LA,LCD (LED),54.6,55,80.0,295.0,5.5,Available
174979,LG,55NU855BPSA,LCD (LED),54.6,55,80.0,295.0,5.5,Available
174984,LG,43QNED80B6B,LCD (LED),42.5,42,63.0,232.0,4.5,Available
174985,LG,43QNED80BSA,LCD (LED),42.5,42,63.0,232.0,4.5,Available
174986,LG,50NU850B6LA,LCD (LED),49.5,50,76.0,280.0,5.0,Available
174987,LG,50NU855BPSA,LCD (LED),49.5,50,76.0,280.0,5.0,Available
174988,LG,65NU850B6LA,LCD (LED),64.5,64,100.0,368.0,6.0,Available
174989,LG,65NU855BPSA,LCD (LED),64.5,64,100.0,368.0,6.0,Available
174990,LG,65QNED80B6B,LCD (LED),64.5,64,140.0,514.0,4.5,Available
174991,LG,65QNED80BSA,LCD (LED),64.5,64,140.0,514.0,4.5,Available
174992,LG,75MRGB86B6A,LCD (LED),74.5,74,106.0,389.0,7.0,Available
174993,LG,75MRGB86BSA,LCD (LED),74.5,74,106.0,389.0,7.0,Available
174994,LG,75QNED70B6A,LCD (LED),74.5,74,132.0,484.0,6.0,Available
174995,LG,75QNED70BSA,LCD (LED),74.5,74,132.0,484.0,6.0,Available
175010,SYLVOX,OT43A7K5GD,LCD,42.5,42,51.6354,200.0,5.0,Available
175011,SYLVOX,OT43A7K5GF,LCD,42.5,42,51.03,205.0,5.0,Available
175012,LG,85QNED80B6A,LCD (LED),84.6,85,212.0,776.0,5.0,Available
175013,LG,85QNED80BSA,LCD (LED),84.6,85,212.0,776.0,5.0,Available
175014,LG,OLED65C6PSA,OLED,64.5,64,109.0,400.0,5.5,Available
175015,LG,OLED65C66LA,OLED,64.5,64,109.0,400.0,5.5,Available
175037,SYLVOX,OQ55A3K8HG,LCD,54.6,55,65.5236,245.0,6.0,Available
175047,SYLVOX,OT55A7K5GF,LCD,54.6,55,71.3472,265.0,6.0,Available
175050,SYLVOX,OT55A7K5GD,LCD,54.6,55,67.434,255.0,6.0,Available
175053,SYLVOX,OQ65A3K8HG,LCD,64.5,64,93.012,350.0,6.0,Available
175054,SYLVOX,OT65A7K5GF,LCD,64.5,64,90.0792,340.0,6.0,Available
175056,SYLVOX,OT65A7K5GD,LCD,64.5,64,90.1488,340.0,6.0,Available
175059,SYLVOX,OQ75A3K8HG,LCD,74.5,74,103.59,385.0,7.0,Available
175061,SYLVOX,OT75A7K5GF,LCD,74.5,74,124.536,460.0,6.0,Available
175062,SYLVOX,OT75A7K5GD,LCD,74.5,74,119.9244,450.0,6.0,Available
175205,AIWA,AWS700WS,LCD (LED),69.5,70,149.6,548.0,4.5,Available
175207,JVC,LT-70NQ7165A,LCD (LED),69.5,70,136.3,550.0,4.5,Available
175208,AIWA,AWS60DG,LCD (LED),60.1,60,102.0,404.0,5.0,Available
175210,EKO,K50FST,LCD (LED),49.5,50,55.52,228.0,6.0,Available
175211,TELEFUNKEN,TL500TQZ,LCD (LED),49.5,50,55.52,228.0,6.0,Available
175238,TECO,LED32BHSRC,LCD (LED),31.9,32,27.42,116.0,5.5,Available
175241,LG,50QNED70B6C,LCD (LED),49.5,50,76.0,280.0,5.0,Available
175242,LG,50QNED70BSA,LCD (LED),49.5,50,76.0,280.0,5.0,Available
175243,LG,50QNED80B6B,LCD (LED),49.5,50,80.0,295.0,4.5,Available
175244,LG,50QNED80BSA,LCD (LED),49.5,50,80.0,295.0,4.5,Available
175245,LG,55MRGB86B6A,LCD (LED),54.6,55,78.0,287.0,5.5,Available
175246,LG,55MRGB86BSA,LCD (LED),54.6,55,78.0,287.0,5.5,Available
175247,LG,55QNED70B6C,LCD (LED),54.6,55,82.0,302.0,5.5,Available
175248,LG,55QNED70BSA,LCD (LED),54.6,55,82.0,302.0,5.5,Available
175249,LG,55QNED80B6B,LCD (LED),54.6,55,88.0,324.0,5.0,Available
175250,LG,55QNED80BSA,LCD (LED),54.6,55,88.0,324.0,5.0,Available
175251,LG,75QNED80B6A,LCD (LED),74.5,74,166.0,608.0,5.0,Available
175252,LG,75QNED80BSA,LCD (LED),74.5,74,166.0,608.0,5.0,Available
175253,LG,85QNED70B6A,LCD (LED),84.6,85,158.0,579.0,6.0,Available
175254,LG,85QNED70BSA,LCD (LED),84.6,85,158.0,579.0,6.0,Available
175310,PHILIPS,24HFL4025/97,LCD (LED),23.6,24,10.0,90.0,4.5,Available
175400,LG,43QNED70B6C,LCD (LED),42.5,42,63.0,232.0,4.5,Available
175401,LG,43QNED70BSA,LCD (LED),42.5,42,63.0,232.0,4.5,Available
175402,LG,65QNED70B6C,LCD (LED),64.5,64,100.0,368.0,6.0,Available
175403,LG,65QNED70BSA,LCD (LED),64.5,64,100.0,368.0,6.0,Available
175404,LG,75NU850B6LA,LCD (LED),74.5,74,130.0,477.0,6.0,Available
175405,LG,75NU855BPSA,LCD (LED),74.5,74,130.0,477.0,6.0,Available
175406,LG,85NU850B6LA,LCD (LED),84.6,85,155.0,568.0,6.0,Available
175407,LG,85NU855BPSA,LCD (LED),84.6,85,155.0,568.0,6.0,Available
175408,LG,OLED48B6PSA,OLED,47.5,48,78.0,287.0,4.5,Available
175409,LG,OLED48C6PSA,OLED,47.5,48,60.0,222.0,5.5,Available
175410,LG,OLED48C66LA,OLED,47.5,48,60.0,222.0,5.5,Available
175411,LG,OLED55B6PSA,OLED,54.6,55,90.0,331.0,5.0,Available
175412,LG,OLED55B66LA,OLED,54.6,55,90.0,331.0,5.0,Available
175413,LG,OLED55C6PSA,OLED,54.6,55,96.0,353.0,4.5,Available
175414,LG,OLED55C66LA,OLED,54.6,55,96.0,353.0,4.5,Available
175415,LG,OLED55G6PSB,OLED,54.6,55,92.0,338.0,5.0,Available
175416,LG,OLED65G6PSB,OLED,64.5,64,112.0,411.0,5.5,Available
175417,LG,OLED77B6PSA,OLED,76.7,77,138.0,506.0,6.0,Available
175418,LG,OLED77B66LA,OLED,76.7,77,138.0,506.0,6.0,Available
175419,LG,OLED77G6PSB,OLED,76.7,77,140.0,514.0,6.0,Available
175616,BLAUPUNKT,BP24TIZDVD,LCD (LED),23.6,24,27.25,102.0,4.0,Available
175627,BAUHN,ATV24HDTB-0226,LCD,23.5,24,17.9,68.0,6.0,Available
175701,LG,86MRGB86B6A,LCD (LED),85.6,86,146.0,535.0,6.0,Available
175702,LG,86MRGB86BSA,LCD (LED),85.6,86,146.0,535.0,6.0,Available
175762,SAMSUNG,UA43M70HAW,LCD (LED),42.5,42,70.0,259.0,4.0,Available
175763,SAMSUNG,UA50M70HAW,LCD (LED),49.5,50,73.0,270.0,5.0,Available
175766,SAMSUNG,UA55M70HAW,LCD (LED),54.6,55,84.0,310.0,5.0,Available
175767,SAMSUNG,UA65M70HAW,LCD (LED),64.5,64,111.0,408.0,5.5,Available
175769,SAMSUNG,UA75M70HAW,LCD (LED),74.5,74,142.0,521.0,5.5,Available
175780,SAMSUNG,UA85M70HAW,LCD (LED),84.6,85,151.0,554.0,6.0,Available
175782,SAMSUNG,UA43U8000HW,LCD (LED),42.5,42,67.0,248.0,4.0,Available
175784,SAMSUNG,UA50U8000HW,LCD (LED),49.5,50,71.0,262.0,5.0,Available
175794,LG,OLED77C6PSA,OLED,76.7,77,126.0,462.0,6.0,Available
175795,LG,OLED77C66LA,OLED,76.7,77,126.0,462.0,6.0,Available
175796,LG,OLED83G6PSB,OLED,82.5,82,155.0,568.0,6.0,Available
175797,LG,55UA8055PSA,LCD (LED),54.6,55,92.0,338.0,5.0,Available
175798,LG,65UA8055PSA,LCD (LED),64.5,64,118.0,433.0,5.0,Available
175799,LG,OLED42C6PSA,OLED,41.5,42,55.0,203.0,5.0,Available
175800,LG,OLED42C67LA,OLED,41.5,42,55.0,203.0,5.0,Available
175801,LG,OLED83B6PSA,OLED,82.5,82,151.0,554.0,6.0,Available
175802,LG,OLED83C6PSA,OLED,82.5,82,133.0,488.0,6.0,Available
175803,LG,OLED83C66LA,OLED,82.5,82,133.0,488.0,6.0,Available
175804,LG,65MRGB86B6A,LCD (LED),64.5,64,99.0,364.0,6.0,Available
175805,LG,65MRGB86BSA,LCD (LED),64.5,64,99.0,364.0,6.0,Available
175829,KOGAN,KAQL75Q97TA,LCD (LED),74.5,74,179.1,685.0,4.5,Available
175830,KOGAN,KAQL85MQXTB,LCD (LED),84.6,85,255.138,1080.0,3.5,Available
175832,KOGAN,KAQL75MQXTB,LCD (LED),74.5,74,214.632,850.0,3.5,Available
175833,KOGAN,KAQL65MQXTB,LCD (LED),64.5,64,197.274,810.0,2.5,Available
175845,KOGAN,KAQL65MQ9ZTA,LCD (LED),64.5,64,147.3,579.0,4.0,Available
175846,KOGAN,KAQL75MQ9ZTA,LCD (LED),74.5,74,223.7,853.0,3.5,Available
175847,KOGAN,KAQL100MQ9ZTA,LCD (LED),99.5,100,219.1,955.0,5.5,Available
175849,TELEFUNKEN,TL430TQZ,LCD (LED),42.5,42,58.3,215.0,5.0,Available
175866,QBELL,QTF50T,LCD (LED),49.5,50,55.52,228.0,6.0,Available
175869,SAMSUNG,UA65U8000HW,LCD (LED),64.5,64,112.0,412.0,5.5,Available
175870,SAMSUNG,UA55U8000HW,LCD (LED),54.6,55,79.0,291.0,5.5,Available
175871,SAMSUNG,UA85U8000HW,LCD (LED),84.6,85,142.0,521.0,6.0,Available
175872,SAMSUNG,UA75U8000HW,LCD (LED),74.5,74,133.0,489.0,6.0,Available
175887,KOGAN,KAL50U96VA,LCD (LED),49.5,50,60.48,247.0,5.5,Available
175888,KOGAN,KAL55U96VA,LCD (LED),55.3,55,58.7,335.0,5.0,Available
175903,SAMSUNG,QA85QN80HAW,LCD (LED),84.6,85,223.0,817.0,4.5,Available
175915,SAMSUNG,QA65S85HAE,LCD (LED),64.5,64,128.0,470.0,4.5,Available
175919,SAMSUNG,QA55S85HAE,LCD (LED),54.6,55,100.0,368.0,4.5,Available
175922,SAMSUNG,QA75QN80HAW,LCD (LED),74.5,74,189.0,693.0,4.0,Available
175926,SAMSUNG,QA55S90HAW,LCD (LED),54.6,55,108.0,397.0,4.0,Available
175927,SAMSUNG,UA55M80HAW,LCD (LED),54.6,55,75.0,277.0,5.5,Available
175932,LG,86QNED86BSA,LCD (LED),85.6,86,137.0,503.0,7.0,Available
175933,LG,86QNED87B6A,LCD (LED),85.6,86,137.0,503.0,7.0,Available
175938,BELGIQUE,CCA-BFHD24TV,LCD,23.7,24,17.88,67.0,6.0,Available
175939,BELGIQUE,CCA-BFHD32TV,LCD,31.6,32,35.42,131.0,5.0,Available
175940,BELGIQUE,CCA-BFHD40TV,LCD,39.5,40,69.27,256.0,3.5,Available
175948,SAMSUNG,UA58U8000HS,LCD (LED),57.5,58,96.0,353.0,5.0,Available
175949,SAMSUNG,UA70U8000HS,LCD (LED),69.5,70,128.0,470.0,5.5,Available
175977,KOGAN,KAQL55MQ9ZTA,LCD (LED),54.6,55,97.4,426.0,4.0,Available
176010,TELEFUNKEN,TL320TQ1,LCD (LED),31.5,32,35.1,131.0,5.0,Available
176014,SAMSUNG,QA55QN80HAW,LCD (LED),54.6,55,102.0,375.0,4.5,Available
176015,SAMSUNG,QA65QN80HAW,LCD (LED),64.5,64,153.0,562.0,4.0,Available
176016,SAMSUNG,MRA75R95HAW,LCD (LED),74.5,74,203.0,744.0,4.0,Available
176018,SAMSUNG,MRA85R95HAW,LCD (LED),84.6,85,260.0,952.0,4.0,Available
176019,SAMSUNG,MRA65R95HAW,LCD (LED),64.5,64,153.0,562.0,4.0,Available
176020,SAMSUNG,QA83S90HAE,LCD (LED),82.5,82,215.0,788.0,4.5,Available
176051,SAMSUNG,QA77S90HAW,LCD (LED),76.8,77,173.0,635.0,5.0,Available
176052,LG,OLED55G66LW,OLED,54.6,55,92.0,338.0,5.0,Available
176053,LG,OLED65G66LW,OLED,64.5,64,112.0,411.0,5.5,Available
176054,LG,OLED77G66LW,OLED,76.7,77,140.0,514.0,6.0,Available
176055,LG,OLED83G66LW,OLED,82.5,82,155.0,568.0,6.0,Available
176057,SAMSUNG,QA65S90HAW,LCD (LED),64.5,64,138.0,507.0,4.5,Available
176058,SAMSUNG,QA50QN70HAW,LCD (LED),49.5,50,83.0,306.0,4.5,Available
176063,SAMSUNG,QA65QN70HAW,LCD (LED),64.5,64,130.0,478.0,4.5,Available
176152,CHIQ,U50QM10,LCD (LED),49.5,50,68.2,276.0,5.0,Available
176190,LG,55LX7BPSA,LCD (LED),54.6,55,76.1,313.0,5.0,Available
176204,SAMSUNG,QA100QN80HW,LCD (LED),99.5,100,278.0,1018.0,5.0,Available
176205,SAMSUNG,QA55QN70HAW,LCD (LED),54.6,55,105.0,386.0,4.0,Available
176206,SAMSUNG,QA43QN70HAW,LCD (LED),42.5,42,69.0,255.0,4.0,Available
176207,SAMSUNG,QA77S95HAE,LCD (LED),76.7,77,213.0,781.0,4.0,Available
176208,SAMSUNG,QA75LS03HWW,LCD (LED),74.5,74,187.0,686.0,4.0,Available
176209,SAMSUNG,UA85M80HAW,LCD (LED),84.6,85,141.0,518.0,6.0,Available
176210,SAMSUNG,UA75M80HAW,LCD (LED),74.5,74,117.0,430.0,6.0,Available
176211,SAMSUNG,UA65M80HAW,LCD (LED),64.5,64,101.0,372.0,6.0,Available
176217,LG,65LX7BPSA,LCD (LED),64.5,64,86.6,368.0,6.0,Available
176233,SONY,K-43XR30M2,LCD (LED),42.5,42,66.2,247.0,4.0,Available
176236,SONY,K-50XR30M2,LCD (LED),49.4,49,85.5,318.0,4.5,Available
176248,LG,75NU805BPSB,LCD,74.5,74,118.0,433.0,6.0,Available
176249,LG,55NU805BPSB,LCD,54.6,55,85.0,312.0,5.0,Available
176250,LG,85NU805BPSB,LCD,84.6,85,160.0,586.0,6.0,Available
176252,LG,65NU805BPSB,LCD,64.5,64,92.0,338.0,6.0,Available
176253,LG,98NU855BPSB,LCD,97.5,98,340.0,1243.0,4.0,Available
176261,SONY,K-65XR30M2,LCD (LED),64.5,64,130.2,481.0,4.5,Available
176262,SONY,K-75XR30M2,LCD (LED),74.5,74,172.0,633.0,4.5,Available
176263,SONY,K-85XR30M2,LCD (LED),84.6,85,166.9,615.0,6.0,Available
176267,SONY,K-65XR70M2,LCD (LED),64.5,64,129.4,477.0,4.5,Available
176268,SONY,K-55XR70M2,LCD (LED),54.6,55,105.9,392.0,4.0,Available
176269,SONY,K-50XR70M2,LCD (LED),49.5,50,105.8,392.0,3.5,Available
176284,SONY,K-100XR30M2,LCD (LED),99.5,100,191.6,705.0,6.0,Available
176304,SKYWORTH,43Q5600H,LCD (LED),42.5,42,38.7,165.0,6.0,Available
176330,KOGAN,KAL65U96VA,LCD (LED),64.5,64,122.82,506.0,4.5,Available
176375,LG,OLED97G6PSA,OLED,96.5,96,228.0,835.0,5.5,Available
176376,LG,OLED97G66LW,OLED,96.5,96,228.0,835.0,5.5,Available
176377,LG,100MRGB96B6,LCD (LED),99.5,100,200.0,733.0,6.0,Available
176378,LG,100MRGB96BS,LCD (LED),99.5,100,200.0,733.0,6.0,Available
176379,LG,100QNED86BS,LCD (LED),99.5,100,230.0,842.0,6.0,Available
176380,LG,100QNED87B6,LCD (LED),99.5,100,230.0,842.0,6.0,Available
176385,SONY,K-65XR90M2,LCD (LED),64.5,64,151.4,559.0,4.0,Available
176386,TCL,65P7LS,LCD (LED),64.5,64,82.8,360.0,6.0,Available
176391,TCL,65C8L,LCD (LED),64.5,64,109.4,465.0,5.0,Available
176392,TCL,85C8L,LCD (LED),84.6,85,190.4,770.0,5.0,Available
176393,TCL,98C8L,LCD (LED),97.5,98,196.2,818.0,6.0,Available
176399,TCL,85X11L,LCD (LED),84.6,85,290.0,1171.0,3.0,Available
176400,TCL,98X11L,LCD (LED),97.5,98,444.6,1790.0,2.5,Available
176403,SAMSUNG,QA65S95HAW,LCD (LED),64.5,64,151.0,554.0,4.0,Available
176404,SAMSUNG,QA75QN70HAW,LCD (LED),74.5,74,138.0,507.0,5.5,Available
176406,SAMSUNG,QA77S85HAE,LCD (LED),76.7,77,137.0,503.0,6.0,Available
176407,SAMSUNG,QA83S85HAE,LCD (LED),82.5,82,185.0,678.0,5.0,Available
176408,SAMSUNG,QA83S95HAE,LCD (LED),82.5,82,247.0,905.0,4.0,Available
176409,SAMSUNG,QA85LS03HWW,LCD (LED),84.6,85,219.0,802.0,4.5,Available
176412,SAMSUNG,QA50QN80HAW,LCD (LED),49.5,50,99.0,364.0,3.5,Available
176432,SAMSUNG,QA48S90HAE,LCD (LED),47.5,48,78.0,288.0,4.5,Available
176435,SAMSUNG,MRA65R85HAS,LCD (LED),64.5,64,147.0,540.0,4.0,Available
176436,SAMSUNG,MRA85R85HAW,LCD (LED),84.6,85,234.0,857.0,4.5,Available
176437,SAMSUNG,QA65LS03HWW,LCD (LED),64.5,64,153.0,562.0,4.0,Available
176439,KOGAN,KAL32R98VA,LCD (LED),31.5,32,38.1,152.0,4.0,Available
176452,MYVI,UR-LED2406DVD,LCD,23.8,24,22.1,84.0,5.0,Available
176458,MYVI,UR-LED3206DVD,LCD,31.7,32,42.9,160.0,4.0,Available
176477,COOCAA,75X66CH,LCD (LED),74.5,74,105.7,410.0,6.0,Available
176478,COOCAA,65X66CH,LCD (LED),64.5,64,79.1,310.0,6.0,Available
176580,SAMSUNG,QA55QN1EHAW,LCD (LED),54.6,55,105.0,386.0,4.0,Available
176581,SAMSUNG,QA65QN1EHAW,LCD (LED),64.5,64,130.0,478.0,4.5,Available
176579,SAMSUNG,MRA75R85HAW,LCD (LED),74.5,74,180.0,660.0,4.5,Available
176583,SAMSUNG,QA85QN1EHAW,LCD (LED),84.6,85,196.0,718.0,5.0,Available
176584,SAMSUNG,QA75QN1EHAW,LCD (LED),74.5,74,138.0,507.0,5.5,Available
176585,SAMSUNG,QA55LS03HWW,LCD (LED),54.6,55,111.0,408.0,4.0,Available
176594,SAMSUNG,QA42S90HAE,LCD (LED),41.5,42,66.0,244.0,4.0,Available
176595,SAMSUNG,QA48S85HAE,LCD (LED),47.5,48,86.0,317.0,4.0,Available
176599,SAMSUNG,QA55S95HAW,LCD (LED),54.6,55,105.0,386.0,4.0,Available
176624,SAMSUNG,QA85QN70HAW,LCD (LED),84.6,85,196.0,718.0,5.0,Available
176625,SAMSUNG,QA55LS03HEW,LCD (LED),54.6,55,110.0,405.0,4.0,Available
176629,SAMSUNG,UA55M1EHAW,LCD (LED),54.6,55,84.0,310.0,5.0,Available
176646,LINSAR,LS50QLDVTV,LCD,49.5,50,51.1,207.0,6.0,Available
176649,SONY,K-85XR90M2,LCD (LED),84.6,85,228.1,839.0,4.5,Available
176648,SONY,K-75XR90M2,LCD (LED),74.5,74,181.2,668.0,4.5,Available
176666,SAMSUNG,UA65M1EHAW,LCD (LED),64.5,64,111.0,408.0,5.5,Available
176688,VEON,VN43ID7023,LCD,42.5,42,46.078,190.0,5.5,Available
176697,SAMSUNG,UA75M1EHAW,LCD (LED),74.5,74,142.0,521.0,5.5,Available
176699,SAMSUNG,UA85M1EHAW,LCD (LED),84.6,85,151.0,554.0,6.0,Available
176717,LG,50NU805BPSC,LCD (LED),49.5,50,75.0,276.0,5.0,Available
176718,LG,43NU805BPSC,LCD (LED),42.5,42,58.0,213.0,5.0,Available
176722,LG,32LB650B6LA,LCD (LED),31.5,32,29.0,108.0,5.5,Available
176749,KOGAN,KAQL85MQ9TA,LCD (LED),84.6,85,227.8,871.0,4.5,Available
176754,COOCAA,43Q56CH,LCD (LED),42.5,42,37.6,160.0,6.0,Available
176764,AIWA,AWB757DW,LCD,74.5,74,140.14,514.0,5.5,Available
176765,AIWA,AWB243DH,LCD,23.6,24,23.45,97.0,4.0,Available
176785,LG,32LB655BPSA,LCD (LED),31.5,32,29.0,108.0,5.5,Available
176795,LINSAR,LS55QLDVTV,LCD,54.6,55,62.37,252.0,6.0,Available
176798,LINSAR,LS65QLDVTV,LCD,64.5,64,83.67,338.0,6.0,Available
176831,LINSAR,LS75QLDVTV,LCD,74.5,74,103.19,416.0,6.0,Available
176832,LINSAR,LS85QLDVTV,LCD,84.6,85,141.25,569.0,6.0,Available
176853,SAMSUNG,QA43LS03HEW,LCD (LED),42.5,42,69.0,255.0,4.0,Available
176855,SAMSUNG,QA98LS03HEW,LCD (LED),96.9,97,202.0,740.0,6.0,Available
176857,SAMSUNG,UA98U9000HW,LCD (LED),97.5,98,258.0,945.0,5.0,Available
176858,SAMSUNG,QA85LS03HEW,LCD (LED),84.6,85,208.0,762.0,5.0,Available
176859,SAMSUNG,QA65LS03HEW,LCD (LED),64.5,64,147.0,540.0,4.0,Available
176862,SAMSUNG,HG32F800FAW,LCD (LED),31.5,32,32.0,120.0,5.0,Available
176854,SAMSUNG,MRA55R85HAW,LCD (LED),54.6,55,112.0,412.0,4.0,Available
176887,TCL,55C7L,LCD (LED),54.6,55,96.7,425.0,4.0,Available
176895,FFALCON,FF65U65A,LCD (LED),64.5,64,56.2,300.0,6.0,Available
176896,TCL,75P7LS,LCD (LED),74.5,74,97.6,450.0,6.0,Available
176899,TCL,85C7L,LCD (LED),84.6,85,193.2,768.0,5.0,Available
176902,TCL,98C7L,LCD (LED),97.5,98,190.9,800.0,6.0,Available
176904,TCL,75C8L,LCD (LED),74.5,74,157.4,684.0,4.5,Available
176908,TCL,43P7LS,LCD (LED),42.5,42,57.0,250.0,4.0,Available
176910,TCL,50P7LS,LCD (LED),49.5,50,58.6,240.0,5.5,Available
176912,TCL,55P7LS,LCD (LED),54.6,55,54.8,260.0,6.0,Available
176916,TCL,85P7LS,LCD (LED),84.6,85,186.5,826.0,4.5,Available
176918,FFALCON,FF43U65A,LCD (LED),42.5,42,42.4,190.0,5.5,Available
176920,FFALCON,FF50U65A,LCD (LED),49.5,50,50.0,205.0,6.0,Available
176921,FFALCON,FF55U65A,LCD (LED),54.6,55,49.6,260.0,6.0,Available
176925,FFALCON,FF75U65A,LCD (LED),74.5,74,96.8,400.0,6.0,Available
176927,TCL,75X11L,LCD (LED),74.5,74,211.6,853.0,3.5,Available
176934,LG,75QNED82BSA,LCD (LED),74.5,74,148.0,543.0,5.5,Available
176935,LG,85QNED82BSA,LCD (LED),84.6,85,183.0,670.0,5.5,Available
176936,LG,55QNED82BSA,LCD (LED),54.6,55,81.0,298.0,5.5,Available
176937,LG,65QNED82BSA,LCD (LED),64.5,64,110.0,404.0,5.5,Available
177005,SONY,K-75XR70M2,LCD (LED),74.5,74,140.5,519.0,5.5,Available
177010,SONY,K-85XR70M2,LCD (LED),84.6,85,197.9,729.0,5.0,Available
176238,SONY,K-55XR30M2,LCD (LED),54.6,55,100.4,372.0,4.5,Available
177059,SAMSUNG,QA75LS03HEW,LCD (LED),74.5,74,175.0,642.0,4.5,Available
177068,TCL,75C7L,LCD (LED),74.5,74,129.1,586.0,5.0,Available
177069,TCL,65C7L,LCD (LED),64.5,64,99.5,488.0,4.5,Available
177119,BAUHN,ATV55UHDW-0426,LCD,54.5,54,71.6,270.0,6.0,Available
177301,SAMSUNG,QA40Q5FAAW,LCD (LED),39.5,40,41.0,153.0,5.5,Available
177302,SAMSUNG,QA43Q5FAAW,LCD (LED),42.5,42,48.0,178.0,5.5,Available
177389,LG,50QNED86BSA,LCD (LED),49.5,50,68.0,251.0,5.5,Available
177390,LG,75MRGB96BSA,LCD (LED),74.5,74,148.0,543.0,5.5,Available
177391,LG,86MRGB96BSA,LCD (LED),85.6,86,172.0,630.0,6.0,Available
177478,TCL,55C6L,LCD (LED),54.6,55,74.1,300.0,5.5,Available
177479,TCL,65C6L,LCD (LED),64.5,64,81.1,380.0,5.5,Available
177480,TCL,75C6L,LCD (LED),74.5,74,118.9,511.0,5.5,Available
177484,TCL,85C6L,LCD (LED),84.6,85,124.9,555.0,6.0,Available
177516,SONY,K-98XR70M2,LCD (LED),97.5,98,217.0,798.0,6.0,Available
177730,HISENSE,40A4SAU,LCD (LED),39.5,40,28.17,121.0,7.0,Available
177731,HISENSE,32A4SAU,LCD (LED),31.5,32,22.07,89.0,6.0,Available
177805,LG,43NU85CB6LA,LCD (LED),42.5,42,62.0,229.0,4.5,Available
177806,LG,43NU85CBPSA,LCD (LED),42.5,42,62.0,229.0,4.5,Available
177808,LG,50NU85CB6LA,LCD (LED),49.5,50,76.0,280.0,5.0,Available
177809,LG,50NU85CBPSA,LCD (LED),49.5,50,76.0,280.0,5.0,Available
177810,LG,55NU85CB6LA,LCD (LED),54.6,55,80.0,295.0,5.5,Available
177811,LG,55NU85CBPSA,LCD (LED),54.6,55,80.0,295.0,5.5,Available
177812,LG,65NU85CB6LA,LCD (LED),64.5,64,100.0,368.0,6.0,Available
177813,LG,65NU85CBPSA,LCD (LED),64.5,64,100.0,368.0,6.0,Available
177814,LG,75NU85CB6LA,LCD (LED),74.5,74,130.0,477.0,6.0,Available
177815,LG,75NU85CBPSA,LCD (LED),74.5,74,130.0,477.0,6.0,Available
177816,LG,85NU85CB6LA,LCD (LED),84.6,85,155.0,568.0,6.0,Available
177818,LG,85NU85CBPSA,LCD (LED),84.6,85,155.0,568.0,6.0,Available
177829,AIWA,AWB657QW,LCD (LED),64.5,64,106.434,391.0,5.5,Available
177875,XIAOMI,L75MC-SAU,LCD (LED),74.5,74,90.8,393.0,6.0,Available
177886,XIAOMI,L65MC-SAU,LCD (LED),64.5,64,78.8,355.0,6.0,Available
177907,BAUHN,ATV50UHDW-0326,LCD,49.5,50,61.7,227.0,6.0,Available
177908,BAUHN,ATV70UHDW-0326,LCD,69.5,70,108.3,397.0,6.0,Available
178028,AIWA,AWS500QWS,LCD,50.1,50,83.118,306.0,4.5,Available
178184,HISENSE,40Q6SAU,LCD (LED),39.5,40,30.63,119.0,7.0,Available
178185,HISENSE,43Q6SAU,LCD (LED),42.5,42,49.62,188.0,5.5,Available
178186,HISENSE,50Q6SAU,LCD (LED),49.5,50,50.32,199.0,6.0,Available
178187,HISENSE,55Q6SAU,LCD (LED),54.6,55,52.49,205.0,7.0,Available
178188,HISENSE,65Q6SAU,LCD (LED),64.5,64,69.23,288.0,7.0,Available
178189,HISENSE,75Q6SAU,LCD (LED),74.5,74,102.05,391.0,7.0,Available
178190,HISENSE,85Q6SAU,LCD (LED),84.6,85,129.96,499.0,7.0,Available
178191,HISENSE,55U7SAU,LCD (LED),54.6,55,87.25,339.0,5.0,Available
178192,HISENSE,100U7SAU,LCD (LED),99.5,100,215.17,856.0,6.0,Available
178193,HISENSE,85U7SAU,LCD (LED),84.6,85,174.17,688.0,5.5,Available
178194,HISENSE,75U7SAU,LCD (LED),74.5,74,135.5,521.0,5.5,Available
178195,HISENSE,65U7SAU,LCD (LED),64.5,64,117.57,465.0,5.0,Available
178197,HISENSE,55S7SAU,LCD (LED),54.6,55,79.6,305.0,5.5,Available
178199,HISENSE,65S7SAU,LCD (LED),64.5,64,88.52,359.0,6.0,Available
178201,HISENSE,65UR9SAU,LCD (LED),64.5,64,138.43,520.0,4.5,Available
178202,HISENSE,75UR9SAU,LCD (LED),74.5,74,135.5,520.0,5.5,Available
178203,HISENSE,85UR9SAU,LCD (LED),84.6,85,182.87,698.0,5.5,Available
178204,HISENSE,75U85AU,LCD (LED),74.5,74,141.6,548.0,5.5,Available
178205,HISENSE,85U85AU,LCD (LED),84.6,85,187.48,777.0,5.0,Available
175073,HISENSE,32Q6SAU,LCD (LED),31.5,32,24.82,99.0,6.0,Available
169505,HISENSE,75S7QAU,LCD (LED),74.5,74,123.02,489.0,6.0,Available
178239,TCL,98P8LS,LCD (LED),97.5,98,186.4,866.0,5.5,Available
178250,BAUHN,ATV40FHDW-0426,LCD (LED),39.5,40,40.5,150.0,6.0,Available
178264,LG,OLED77W6PSA,OLED,76.7,77,165.0,605.0,5.0,Available
178265,LG,OLED77W66LA,OLED,76.7,77,165.0,605.0,5.0,Available
178266,LG,OLED83W6PSA,OLED,82.5,82,180.0,660.0,5.5,Available
178267,LG,OLED83W66LA,OLED,82.5,82,180.0,660.0,5.5,Available
178407,DGTEC,DG49FHDT-23899,LCD,49.5,50,52.6,195.0,6.0,Available
178436,TOSHIBA,55Z670SP,LCD (LED),54.6,55,63.69,245.0,6.0,Available
178437,TOSHIBA,65Z670SP,LCD (LED),64.5,64,95.12,369.0,6.0,Available
178438,TOSHIBA,75Z670SP,LCD (LED),74.5,74,117.42,450.0,6.0,Available
178439,TOSHIBA,85Z670SP,LCD (LED),84.6,85,155.83,599.0,6.0,Available
178442,SKYWORTH,32E5500H,LCD (LED),31.5,32,18.4,90.0,6.0,Available
170349,TOSHIBA,50C350RP,LCD (LED),49.5,50,54.86,228.0,6.0,Available
169327,TOSHIBA,65C350RP,LCD (LED),64.5,64,81.08,321.0,6.0,Available
169329,TOSHIBA,85C350RP,LCD (LED),84.6,85,155.84,624.0,6.0,Available
169093,TOSHIBA,75Z770RP,LCD (LED),74.5,74,137.3,548.0,5.5,Available
170785,TOSHIBA,43C350SP,LCD (LED),42.5,42,50.56,194.0,5.5,Available
169326,TOSHIBA,55C350RP,LCD (LED),54.6,55,63.29,259.0,6.0,Available
169328,TOSHIBA,75C350RP,LCD (LED),74.5,74,87.19,345.0,7.0,Available
169092,TOSHIBA,65Z770RP,LCD (LED),64.5,64,128.56,520.0,4.5,Available
169094,TOSHIBA,85Z770RP,LCD (LED),84.6,85,167.13,666.0,5.5,Available
178545,XIAOMI,L85MC-SAU,LCD (LED),84.6,85,135.0,595.0,6.0,Available
178546,XIAOMI,L98MC-SAU,LCD (LED),97.5,98,189.8,808.0,6.0,Available
178572,SONY,K-115XR90M2,LCD (LED),114.5,114,351.3,1288.0,5.0,Available
178692,LG,43UJ660H5LD,LCD (LED),42.5,42,40.0,149.0,6.0,Available
178693,LG,55UJ660H5LD,LCD (LED),54.6,55,46.0,170.0,8.0,Available
178694,LG,65UJ660H5LD,LCD (LED),64.5,64,50.0,185.0,9.0,Available
178696,LG,43NU830B6LA,LCD (LED),42.5,42,62.0,229.0,4.5,Available
178697,LG,50NU830B6LA,LCD (LED),49.5,50,76.0,280.0,5.0,Available
178698,LG,55NU830B6LA,LCD (LED),54.6,55,80.0,295.0,5.5,Available
178699,LG,65NU830B6LA,LCD (LED),64.5,64,100.0,368.0,6.0,Available
178700,LG,75NU830B6LA,LCD (LED),74.5,74,130.0,477.0,6.0,Available
178701,LG,32LK660H0LD,LCD (LED),31.5,32,24.0,90.0,6.0,Available
178727,AIWA,AWB505DW,LCD,49.5,50,49.08,200.0,6.0,Available
178742,SAMSUNG,QA85QN990HW,LCD (LED),84.6,85,329.0,1204.0,3.0,Available
178743,SAMSUNG,UA100M90HW,LCD (LED),99.5,100,181.0,664.0,7.0,Available
178753,HISENSE,55U6SAU,LCD (LED),54.6,55,81.93,311.0,5.0,Available
178754,HISENSE,65U6SAU,LCD (LED),64.5,64,110.0,416.0,5.5,Available
178755,HISENSE,75U6SAU,LCD (LED),74.5,74,142.6,546.0,5.5,Available
178756,HISENSE,85U6SAU,LCD (LED),84.6,85,161.54,623.0,6.0,Available
178762,AIWA,AWB323DWC,LCD,31.5,32,37.0,138.0,4.5,Available
178824,TECO,LED58BQUSRC,LCD (LED),57.5,58,85.2,335.0,5.5,Available
178827,AIWA,AWB557QW,LCD (LED),54.6,55,86.96,320.0,5.0,Available
178829,KOGAN,KAQL32Q9VA,LCD (LED),31.5,32,36.3,152.0,4.0,Available
160817,SYLVOX,RT40G3KOFA,LCD,39.5,40,24.48,92.0,8.0,Available
178894,LG,50UJ660H5LD,LCD (LED),49.5,50,38.0,141.0,8.0,Available
178932,CHIQ,U75QM10,LCD (LED),74.5,74,140.8,546.0,5.5,Available
178947,LG,115QNED90BS,LCD (LED),114.5,114,513.9,2065.0,3.0,Available
178952,KOGAN,KAQL55Q9VA,LCD (LED),54.6,55,80.58,335.0,5.0,Available
178955,KOGAN,KAQL65Q9VA,LCD (LED),64.5,64,102.66,506.0,4.5,Available
178956,KOGAN,KAQL50Q9VA,LCD (LED),49.5,50,65.04,247.0,5.5,Available
178957,KOGAN,KAQL43Q9VA,LCD (LED),42.5,42,62.52,269.0,4.0,Available
178958,KOGAN,KAQL40Q9VA,LCD (LED),39.5,40,45.18,210.0,4.5,Available
178959,KOGAN,KAQL75Q9VA,LCD (LED),74.5,74,130.8,542.0,5.5,Available
178960,KOGAN,KAQL85Q9VA,LCD (LED),84.6,85,216.3,863.0,4.5,Available
179003,TECO,LED65BQUSRC,LCD (LED),64.5,64,136.6,520.0,4.5,Available
179042,SAMSUNG,MRA100R85HW,LCD (LED),99.5,100,300.0,1098.0,4.5,Available
169499,HISENSE,50U6QAU PRO,LCD (LED),49.5,50,71.19,285.0,5.0,Available
179062,DGTEC,DG70UHDT-23857,LCD,69.5,70,110.35,405.0,6.0,Available
179081,LG,55QNED90BSA,LCD (LED),54.6,55,102.6,422.0,4.0,Available
179082,LG,65QNED90BSA,LCD (LED),64.5,64,126.7,514.0,4.5,Available
179083,LG,75QNED90BSA,LCD (LED),74.5,74,157.2,641.0,4.5,Available
179085,LG,85QNED90BSA,LCD (LED),84.6,85,199.5,824.0,4.5,Available
179173,HISENSE,55UR8SAU,LCD (LED),54.6,55,74.52,288.0,5.5,Available
179174,HISENSE,65UR8SAU,LCD (LED),64.5,64,110.35,416.0,5.5,Available
179175,HISENSE,75UR8SAU,LCD (LED),74.5,74,135.5,527.0,5.5,Available
179176,HISENSE,85UR8SAU,LCD (LED),84.6,85,176.98,677.0,5.5,Available
179177,HISENSE,100UR8SAU,LCD (LED),99.5,100,224.57,855.0,6.0,Available
179189,AIWA,AWB243DWC,LCD,23.6,24,18.35,76.0,5.5,Available
179214,COOCAA,55Q66CK,LCD (LED),54.6,55,45.6,180.0,7.0,Available
179216,LG,75UK762H0LB,LCD (LED),74.5,74,150.0,550.0,5.0,Available
179298,SAMSUNG,UA50M60HAW,LCD (LED),49.5,50,60.0,222.0,6.0,Available
179306,COOCAA,50Q66CK,LCD (LED),49.5,50,45.3,175.0,7.0,Available
179327,SONY,K-48A60,OLED,47.5,48,71.4,267.0,4.5,Available
179341,CHIQ,55M810N,LCD (LED),54.6,55,94.4,378.0,4.5,Available
179342,CHIQ,65M810N,LCD (LED),64.5,64,129.3,517.0,4.5,Available
179343,CHIQ,75M810N,LCD (LED),74.5,74,171.6,681.0,4.5,Available
179425,DREAME,65S100,LCD (LED),64.5,64,118.12,485.0,4.5,Available
179427,DREAME,55S100,LCD (LED),54.6,55,84.71,340.0,5.0,Available
179458,KOGAN,KALED19PRIZF,LCD (LED),18.5,18,14.76,56.0,5.5,Available
179531,COOCAA,32Q56CH,LCD (LED),31.5,32,20.8,90.0,6.0,Available
179532,COOCAA,40Q56CH,LCD (LED),39.5,40,34.1,140.0,6.0,Available
179677,DREAME,75S100,LCD (LED),74.5,74,172.374,655.0,4.5,Available
179682,DREAME,86S100,LCD (LED),85.6,86,209.292,817.0,4.5,Available
179692,BAUHN,ATV75QLEDW-0826,LCD (LED),74.5,74,132.1,485.0,6.0,Available
179718,LPT,24DN4,LCD,23.7,24,24.4,90.0,4.5,Available
179730,LPT,32DN4,LCD,31.5,32,35.0,130.0,5.0,Available
179717,SYLVOX,OT50A2K3GD,LCD (LED),56.3,56,71.0,262.0,6.0,Available
179759,SONY,K-55A60,OLED,54.6,55,78.4,292.0,5.5,Available
179761,SONY,K-65A60,OLED,64.5,64,98.8,366.0,6.0,Available
179762,SONY,K-77A60,OLED,76.7,77,119.1,440.0,6.0,Available
179779,VDT,LEW22BA16,LCD (LED),21.5,22,27.8,110.0,3.0,Available
179820,TCL,43G60K-IU,LCD (LED),42.5,42,42.7,175.0,5.5,Available
179822,TCL,50G60K-IU,LCD (LED),49.5,50,50.0,205.0,6.0,Available
179823,TCL,55G60K-IU,LCD (LED),54.6,55,64.3,261.0,6.0,Available
179843,VDT,LEW24BA16,LCD (LED),23.8,24,26.9,115.0,3.5,Available
179844,VDT,LEW32EA16,LCD (LED),31.5,32,38.4,155.0,4.0,Available
179849,SKYWORTH,32Q5600H,LCD (LED),31.5,32,22.4,90.0,6.0,Available
179878,CHIQ,32S510M,LCD (LED),31.5,32,21.9,112.0,5.5,Available
179887,CHIQ,L24D6CH,LCD (LED),23.6,24,20.0,82.0,5.0,Available
179970,AOA,LTD19FT,LCD (LED),18.5,18,17.0,66.0,4.5,Available
180074,AOA,LTD19FTD,LCD (LED),18.5,18,17.1,67.0,4.5,Available
180110,SKYWORTH,40Q5600H,LCD (LED),39.5,40,32.8,140.0,6.0,Available
180173,HISENSE,100Q7SAU,LCD (LED),99.5,100,238.44,899.0,5.5,Available
180174,HISENSE,100U6SAU,LCD (LED),99.5,100,248.33,956.0,5.5,Available
180253,LG,43UK762H5LB,LCD (LED),42.5,42,65.0,240.0,4.5,Available
180255,LG,50UK762H5LB,LCD (LED),49.5,50,68.0,251.0,5.5,Available
180256,LG,55UK762H5LB,LCD (LED),54.6,55,95.0,349.0,4.5,Available
180257,LG,65UK762H5LB,LCD (LED),64.5,64,106.0,389.0,5.5,Available
180275,FFALCON,FF40S55A,LCD (LED),39.5,40,30.3,140.0,6.0,Available
180276,FFALCON,FF32S55A,LCD (LED),31.5,32,25.4,130.0,5.0,Available
180314,TENET,T-185J201-MB2,LCD (LED),18.5,18,13.7,51.0,5.5,Available
180327,MONSTER,MT50QLDZEN,LCD (LED),49.5,50,56.59,220.0,6.0,Available
180330,MONSTER,MT55QLDZEN,LCD,54.7,55,68.1,252.0,6.0,Available
180339,DGTEC,DG50UHDW-23791,LCD,49.5,50,61.7,227.0,6.0,Available
173787,FPD,****32**********,LCD (LED),31.5,32,31.68,130.0,5.0,Available
180426,LG,43UK767H5LB,LCD (LED),42.5,42,62.0,229.0,4.5,Available
180427,LG,50UK767H5LB,LCD (LED),49.5,50,54.0,200.0,6.0,Available
180428,LG,55UK767H5LB,LCD (LED),54.6,55,55.0,203.0,7.0,Available
180429,LG,65UK767H5LB,LCD (LED),64.5,64,69.0,254.0,7.0,Available
180430,LG,75UK767H5LB,LCD (LED),74.5,74,147.0,539.0,5.5,Available
180485,CHIQ,85M810M,LCD (LED),84.6,85,227.8,871.0,4.5,Available
180486,CHIQ,100M810M,LCD (LED),99.5,100,219.1,955.0,5.5,Available
180495,SKYWORTH,75X66H,LCD (LED),74.5,74,105.7,410.0,6.0,Available
180497,SKYWORTH,65X66H,LCD (LED),64.5,64,79.1,310.0,6.0,Available
180528,DGTEC,DG40FHDW-24166,LCD (LED),39.5,40,40.5,150.0,6.0,Available
180574,SKYWORTH,55X66H,LCD (LED),54.5,54,63.2,270.0,6.0,Available
180581,MONSTER,MT65QLDZEN,LCD,64.5,64,95.8,352.0,6.0,Available
180590,MONSTER,MT75QLDZEN,LCD,74.5,74,130.5,485.0,6.0,Available
180592,MONSTER,MT85QLDZEN,LCD (LED),84.6,85,163.7,615.0,6.0,Available
180596,QBELL,QTF40T,LCD (LED),39.5,40,42.1,167.0,5.5,Available
180601,PHILIPS,43PUT7231/75,LCD (LED),42.5,42,53.3,216.0,5.0,Available
180610,SAMSUNG,BE43HX-H,LCD (LED),42.5,42,67.0,248.0,4.0,Available
180611,SAMSUNG,BE50HX-H,LCD (LED),49.5,50,71.0,262.0,5.0,Available
180615,SAMSUNG,BE55HX-H,LCD (LED),54.6,55,79.0,291.0,5.5,Available
180617,SAMSUNG,BE65HX-H,LCD (LED),64.5,64,112.0,412.0,5.5,Available
180622,PHILIPS,50PUT7231/75,LCD (LED),49.5,50,62.9,254.0,5.5,Available
180623,PHILIPS,55PUT7231/75,LCD (LED),54.6,55,75.2,304.0,5.5,Available
180624,PHILIPS,65PUT7231/75,LCD (LED),64.5,64,90.8,366.0,6.0,Available
180625,SAMSUNG,BE75HX-H,LCD (LED),74.5,74,133.0,489.0,6.0,Available
180626,PHILIPS,75PUT7231/75,LCD (LED),74.5,74,94.5,381.0,7.0,Available
180627,PHILIPS,85PUT7231/75,LCD (LED),84.6,85,146.7,591.0,6.0,Available
180649,SAMSUNG,BE85HX-H,LCD (LED),84.6,85,142.0,521.0,6.0,Available
180652,BLAUPUNKT,BP750USTQ,LCD (LED),74.5,74,133.6,490.0,6.0,Available
180654,BLAUPUNKT,BP500USTQ,LCD (LED),49.5,50,85.81,317.0,4.5,Available
180657,BLAUPUNKT,BP320HSTQ,LCD (LED),31.5,32,31.6,131.0,5.0,Available
180667,BLAUPUNKT,BP240HSTQ,LCD (LED),23.6,24,17.0,94.0,4.5,Available
180681,SONY,K-83A60,OLED,82.5,82,131.0,484.0,6.0,Available
180725,BLAUPUNKT,BP850UTSQ,LCD (LED),84.6,85,161.0,624.0,6.0,Available
180726,TELEFUNKEN,TL320TQ3,LCD (LED),31.5,32,32.52,131.0,5.0,Available
180751,BLAUPUNKT,BP550USTQ,LCD (LED),54.6,55,99.84,379.0,4.5,Available
180844,HISENSE,116U7SAU,LCD (LED),115.5,116,355.2,1399.0,5.0,Available
174102,BLAUPUNKT,COBP550UTS,LCD,54.6,55,82.2,302.0,5.5,Available
180857,FPD,CG40-P1,LCD (LED),39.5,40,50.94,211.0,4.5,Available
180855,FPD,AU24-P1,LCD (LED),23.6,24,26.06,106.0,4.0,Available
180871,FPD,AU43-C3,LCD (LED),42.5,42,75.42,301.0,3.5,Available
180903,AIWA,AWB405DWC,LCD,39.5,40,43.2,160.0,5.5,Available
180904,AIWA,AWB405DH,LCD (LED),39.5,40,43.1,167.0,5.5,Available
180935,DGTEC,DG24HDTB-23859,LCD,23.5,24,17.9,68.0,6.0,Available
180937,BLAUPUNKT,BP400FSTQ,LCD (LED),39.5,40,42.9,167.0,5.5,Available
180946,KOGAN,KAQL85Q9VB,LCD (LED),84.6,85,216.3,863.0,4.5,Available
180958,KOGAN,KAQL43MQ9VA,LCD (LED),42.5,42,44.82,300.0,3.5,Available
180990,SAMSUNG,HG43HL03HAW,LCD (LED),42.5,42,69.0,255.0,4.0,Available
180991,SAMSUNG,HG75HL03HAW,LCD (LED),74.5,74,175.0,642.0,4.5,Available
180992,SAMSUNG,HG65HL03HAW,LCD (LED),64.5,64,147.0,540.0,4.0,Available
180993,SAMSUNG,HG55HL03HAW,LCD (LED),54.6,55,110.0,405.0,4.0,Available
181232,BLAUPUNKT,BP700UTS,LCD,69.5,70,142.28,522.0,5.0,Available
181234,QBELL,QTU70T,LCD,69.5,70,142.28,522.0,5.0,Available
181235,EKO,K70USTW,LCD,69.5,70,142.28,522.0,5.0,Available
181236,BAUHN,ATV50QLEDW-0826,LCD,49.5,50,56.2,227.0,6.0,Available
181254,AOA,LTW24FHD,LCD (LED),23.8,24,21.36,80.0,5.0,Available
181306,COOCAA,65X66CH-A,LCD (LED),64.5,64,79.1,310.0,6.0,Available
181342,SAMSUNG,UA43M60HAW,LCD (LED),42.5,42,47.0,175.0,5.5,Available
181412,PHILIPS,32PQT6831/79,LCD (LED),31.5,32,31.9,130.0,5.0,Available
181413,PHILIPS,40PQT6831/79,LCD (LED),39.5,40,46.1,187.0,5.0,Available
181414,PHILIPS,43PQT7931/79,LCD (LED),42.5,42,51.3,208.0,5.0,Available
181415,PHILIPS,50PQT7931/79,LCD (LED),49.5,50,61.8,250.0,5.5,Available
181416,PHILIPS,55PQT7931/79,LCD (LED),54.6,55,66.4,269.0,6.0,Available
181417,PHILIPS,65PQT7931/79,LCD (LED),64.5,64,89.3,361.0,6.0,Available
181418,PHILIPS,75PQT7931/79,LCD (LED),74.5,74,96.0,388.0,7.0,Available
181419,PHILIPS,85PQT7931/79,LCD (LED),84.6,85,138.8,559.0,6.0,Available
172319,EKO,K40FST,LCD (LED),39.5,40,43.2,167.0,5.5,Available
181462,COOCAA,75X66CH-A,LCD (LED),74.5,74,105.7,410.0,6.0,Available
181583,EKO,K32HSTQ12V,LCD (LED),31.5,32,32.52,131.0,5.0,Available
181648,AIWA,AWB323DH,LCD,31.5,32,27.16,110.0,5.5,Available
181659,AIWA,AWB405DHH,LCD,39.5,40,40.11,168.0,5.5,Available
181663,AIWA,AWB505DH,LCD,49.5,50,46.45,225.0,6.0,Available
181667,AIWA,AWB557DH,LCD,54.6,55,79.85,340.0,5.0,Available
181668,AIWA,AWB657DH,LCD,64.5,64,92.61,385.0,5.5,Available
181669,AIWA,AWB757DH,LCD,74.5,74,121.7,525.0,5.5,Available
181685,JVC,LT-32NQ3175A,LCD,31.5,32,26.95,110.0,5.5,Available
181687,JVC,LT-40NQ5175A,LCD,39.5,40,42.09,168.0,5.5,Available
181688,JVC,LT-50NQ5175A,LCD,49.5,50,46.05,225.0,6.0,Available
181689,JVC,LT-65N7175A,LCD,64.5,64,92.61,385.0,5.5,Available
181692,JVC,LT-55N7175A,LCD,54.6,55,79.85,340.0,5.0,Available
165765,EKO,K55USTWQ,LCD,54.6,55,92.1,339.0,5.0,Available
165788,EKO,K50USTQ,LCD (LED),49.5,50,76.8,284.0,5.0,Available
165432,EKO,K32HSTQ,LCD (LED),31.5,32,31.0,131.0,5.0,Available
181721,LG,65UJ760H5SD,LCD (LED),64.5,64,54.0,200.0,8.0,Available
181738,TOSHIBA,98Z670SP,LCD (LED),97.5,98,235.66,888.0,5.5,Available
181773,KONIC,KKD40TE362AM,LCD (LED),39.5,40,40.4,149.0,6.0,Available
181775,PHILIPS,32HFL5114/12,LCD (LED),31.5,32,27.8,114.0,5.5,Available
181823,KOGAN,KAQL65MQ9VA,LCD (LED),64.5,64,128.52,515.0,4.5,Available
181824,KOGAN,KAQL50MQ9VA,LCD (LED),49.5,50,105.0,440.0,3.0,Available
181825,KOGAN,KAQL55MQ9VA,LCD (LED),54.6,55,104.88,460.0,3.5,Available
181840,KOGAN,KAL43F9QA,LCD,42.5,42,57.66,217.0,5.0,Available
181842,KOGAN,KAQL55XQ98GSVA,LCD (LED),54.6,55,123.84,475.0,3.5,Available
181843,KOGAN,KAQL65XQ98GSVA,LCD (LED),64.5,64,151.62,634.0,3.5,Available
181845,KOGAN,KAL50F9QA,LCD,49.5,50,55.47,227.0,6.0,Available
181849,KOGAN,KAL65U9QA,LCD,64.5,64,104.15,465.0,5.0,Available
181850,KOGAN,KAL50U9QA,LCD,49.5,50,84.99,356.0,4.0,Available
181873,TCL,65G60K-IU,LCD (LED),64.5,64,77.1,320.0,6.0,Available
181934,BAUHN,ATV58UHDW-0926,LCD,57.5,58,80.7,297.0,6.0,Available
181975,EKO,K32HST,LCD,31.5,32,30.1,112.0,5.5,Available
182062,BLAUPUNKT,BP650USTQ,LCD (LED),64.5,64,104.98,416.0,5.5,Available
182063,EKO,K65USTWQ,LCD (LED),64.5,64,104.98,416.0,5.5,Available
182093,PHILIPS,55MLED601/79,LCD (LED),54.6,55,103.0,380.0,4.5,Available
182097,PHILIPS,65MLED601/79,LCD (LED),64.5,64,125.0,463.0,5.0,Available
182098,PHILIPS,75MLED601/79,LCD (LED),74.5,74,148.2,548.0,5.5,Available
182115,BAUHN,ATV58UHDW-0926,LCD,57.5,58,80.7,298.0,6.0,Available
182200,JVC,JVX6F6526,LCD (LED),64.5,64,79.1,310.0,6.0,Available
182201,JVC,JVX6F7526,LCD (LED),74.5,74,105.7,410.0,6.0,Available
181915,JVC,JVX6F5526,LCD (LED),54.6,55,63.7,260.0,6.0,Available
182312,HISENSE,58Q6SAU,LCD (LED),57.5,58,70.86,277.0,6.0,Available
182327,CHIQ,32S49M,LCD (LED),31.5,32,25.47,112.0,5.5,Available
182476,BAUHN,ATV50UHDW-1026,LCD,49.5,50,58.5,216.0,6.0,Available
182527,DGTEC,DG75QUHDW-25251,LCD (LED),74.5,74,132.1,485.0,6.0,Available
182537,SONIQ,G55UZ26A-AU,LCD,54.6,55,87.44,324.0,5.0,Available
182538,SYLVOX,OQHTA3KOHK,LCD,110.1,110,637.8,2500.0,2.0,Available
182540,SONIQ,G65UZ26A-AU,LCD,64.5,64,139.34,512.0,4.5,Available
182541,SONIQ,G75UZ26A-AU,LCD,74.4,74,186.4,684.0,4.0,Available
182587,SONY,KD-32W830K,LCD (LED),31.5,32,34.7,132.0,4.5,Available
182777,EKO,K55FT9000,LCD,54.6,55,58.79,238.0,6.0,Available
